ID,URL de origen,Texto visible,URL destino,Tipo,Visible desktop,Visible movil,Requiere JavaScript,HTTP final,Redirecciones,Title,H1,Canonical,Resultado,Evidencia
LINK-0001,/auth/facebook/callback/,(texto en enlace),#main-content,ancla,SI,SI,NO,N/A,N/A,,,,OK,Auditoria estatica de archivos HTML
LINK-0002,/auth/facebook/callback/,(texto en enlace),/,interno,SI,SI,NO,200 (local file),N/A,Jonathan Esteban | Full-Stack Developer & AI Engineer · Madrid & Barcelona,Jonathan Esteban,https://jonathanesteban.dev/,OK,Auditoria estatica de archivos HTML
LINK-0003,/auth/facebook/callback/,(texto en enlace),/servicios/,interno,SI,SI,NO,200 (local file),N/A,"Servicios de Desarrollo Web, IA y Automatización | Jonathan Esteban",Soluciones digitales que impulsan tu negocio,https://jonathanesteban.dev/servicios/,OK,Auditoria estatica de archivos HTML
LINK-0004,/auth/facebook/callback/,(texto en enlace),/proyectos/,interno,SI,SI,NO,200 (local file),N/A,Portfolio de Proyectos & Casos de Éxito | Jonathan Esteban,Portfolio de Proyectos & Casos,https://jonathanesteban.dev/proyectos/,OK,Auditoria estatica de archivos HTML
LINK-0005,/auth/facebook/callback/,(texto en enlace),/certificaciones/,interno,SI,SI,NO,200 (local file),N/A,Certificaciones & Formación | Jonathan Esteban,Formación & Certificaciones,https://jonathanesteban.dev/certificaciones/,OK,Auditoria estatica de archivos HTML
LINK-0006,/auth/facebook/callback/,(texto en enlace),/sobre-mi/,interno,SI,SI,NO,200 (local file),N/A,Sobre Mí | Jonathan Esteban — Full-Stack Developer & AI Engineer,Sobre Mí & Dashboard,https://jonathanesteban.dev/sobre-mi/,OK,Auditoria estatica de archivos HTML
LINK-0007,/auth/facebook/callback/,(texto en enlace),/faq/,interno,SI,SI,NO,200 (local file),N/A,Preguntas Frecuentes (FAQ) & Centro de Ayuda | Jonathan Esteban,Preguntas Frecuentes,https://jonathanesteban.dev/faq/,OK,Auditoria estatica de archivos HTML
LINK-0008,/auth/facebook/callback/,(texto en enlace),/contacto/,interno,SI,SI,NO,200 (local file),N/A,Contacto & Agendamiento | Jonathan Esteban,Formulario de Contacto,https://jonathanesteban.dev/contacto/,OK,Auditoria estatica de archivos HTML
LINK-0009,/auth/facebook/callback/,(texto en enlace),/,interno,SI,SI,NO,200 (local file),N/A,Jonathan Esteban | Full-Stack Developer & AI Engineer · Madrid & Barcelona,Jonathan Esteban,https://jonathanesteban.dev/,OK,Auditoria estatica de archivos HTML
LINK-0010,/auth/tiktok/callback/,(texto en enlace),#main-content,ancla,SI,SI,NO,N/A,N/A,,,,OK,Auditoria estatica de archivos HTML
LINK-0011,/auth/tiktok/callback/,(texto en enlace),/,interno,SI,SI,NO,200 (local file),N/A,Jonathan Esteban | Full-Stack Developer & AI Engineer · Madrid & Barcelona,Jonathan Esteban,https://jonathanesteban.dev/,OK,Auditoria estatica de archivos HTML
LINK-0012,/auth/tiktok/callback/,(texto en enlace),/servicios/,interno,SI,SI,NO,200 (local file),N/A,"Servicios de Desarrollo Web, IA y Automatización | Jonathan Esteban",Soluciones digitales que impulsan tu negocio,https://jonathanesteban.dev/servicios/,OK,Auditoria estatica de archivos HTML
LINK-0013,/auth/tiktok/callback/,(texto en enlace),/proyectos/,interno,SI,SI,NO,200 (local file),N/A,Portfolio de Proyectos & Casos de Éxito | Jonathan Esteban,Portfolio de Proyectos & Casos,https://jonathanesteban.dev/proyectos/,OK,Auditoria estatica de archivos HTML
LINK-0014,/auth/tiktok/callback/,(texto en enlace),/certificaciones/,interno,SI,SI,NO,200 (local file),N/A,Certificaciones & Formación | Jonathan Esteban,Formación & Certificaciones,https://jonathanesteban.dev/certificaciones/,OK,Auditoria estatica de archivos HTML
LINK-0015,/auth/tiktok/callback/,(texto en enlace),/sobre-mi/,interno,SI,SI,NO,200 (local file),N/A,Sobre Mí | Jonathan Esteban — Full-Stack Developer & AI Engineer,Sobre Mí & Dashboard,https://jonathanesteban.dev/sobre-mi/,OK,Auditoria estatica de archivos HTML
LINK-0016,/auth/tiktok/callback/,(texto en enlace),/faq/,interno,SI,SI,NO,200 (local file),N/A,Preguntas Frecuentes (FAQ) & Centro de Ayuda | Jonathan Esteban,Preguntas Frecuentes,https://jonathanesteban.dev/faq/,OK,Auditoria estatica de archivos HTML
LINK-0017,/auth/tiktok/callback/,(texto en enlace),/contacto/,interno,SI,SI,NO,200 (local file),N/A,Contacto & Agendamiento | Jonathan Esteban,Formulario de Contacto,https://jonathanesteban.dev/contacto/,OK,Auditoria estatica de archivos HTML
LINK-0018,/auth/tiktok/callback/,(texto en enlace),/,interno,SI,SI,NO,200 (local file),N/A,Jonathan Esteban | Full-Stack Developer & AI Engineer · Madrid & Barcelona,Jonathan Esteban,https://jonathanesteban.dev/,OK,Auditoria estatica de archivos HTML
LINK-0019,/certificaciones/,(texto en enlace),#main-content,ancla,SI,SI,NO,N/A,N/A,,,,OK,Auditoria estatica de archivos HTML
LINK-0020,/certificaciones/,(texto en enlace),/,interno,SI,SI,NO,200 (local file),N/A,Jonathan Esteban | Full-Stack Developer & AI Engineer · Madrid & Barcelona,Jonathan Esteban,https://jonathanesteban.dev/,OK,Auditoria estatica de archivos HTML
LINK-0021,/certificaciones/,(texto en enlace),/servicios/,interno,SI,SI,NO,200 (local file),N/A,"Servicios de Desarrollo Web, IA y Automatización | Jonathan Esteban",Soluciones digitales que impulsan tu negocio,https://jonathanesteban.dev/servicios/,OK,Auditoria estatica de archivos HTML
LINK-0022,/certificaciones/,(texto en enlace),/proyectos/,interno,SI,SI,NO,200 (local file),N/A,Portfolio de Proyectos & Casos de Éxito | Jonathan Esteban,Portfolio de Proyectos & Casos,https://jonathanesteban.dev/proyectos/,OK,Auditoria estatica de archivos HTML
LINK-0023,/certificaciones/,(texto en enlace),/certificaciones/,interno,SI,SI,NO,200 (local file),N/A,Certificaciones & Formación | Jonathan Esteban,Formación & Certificaciones,https://jonathanesteban.dev/certificaciones/,OK,Auditoria estatica de archivos HTML
LINK-0024,/certificaciones/,(texto en enlace),/sobre-mi/,interno,SI,SI,NO,200 (local file),N/A,Sobre Mí | Jonathan Esteban — Full-Stack Developer & AI Engineer,Sobre Mí & Dashboard,https://jonathanesteban.dev/sobre-mi/,OK,Auditoria estatica de archivos HTML
LINK-0025,/certificaciones/,(texto en enlace),/faq/,interno,SI,SI,NO,200 (local file),N/A,Preguntas Frecuentes (FAQ) & Centro de Ayuda | Jonathan Esteban,Preguntas Frecuentes,https://jonathanesteban.dev/faq/,OK,Auditoria estatica de archivos HTML
LINK-0026,/certificaciones/,(texto en enlace),/contacto/,interno,SI,SI,NO,200 (local file),N/A,Contacto & Agendamiento | Jonathan Esteban,Formulario de Contacto,https://jonathanesteban.dev/contacto/,OK,Auditoria estatica de archivos HTML
LINK-0027,/certificaciones/,(texto en enlace),/servicios/,interno,SI,SI,NO,200 (local file),N/A,"Servicios de Desarrollo Web, IA y Automatización | Jonathan Esteban",Soluciones digitales que impulsan tu negocio,https://jonathanesteban.dev/servicios/,OK,Auditoria estatica de archivos HTML
LINK-0028,/certificaciones/,(texto en enlace),/proyectos/,interno,SI,SI,NO,200 (local file),N/A,Portfolio de Proyectos & Casos de Éxito | Jonathan Esteban,Portfolio de Proyectos & Casos,https://jonathanesteban.dev/proyectos/,OK,Auditoria estatica de archivos HTML
LINK-0029,/certificaciones/,(texto en enlace),/certificaciones/,interno,SI,SI,NO,200 (local file),N/A,Certificaciones & Formación | Jonathan Esteban,Formación & Certificaciones,https://jonathanesteban.dev/certificaciones/,OK,Auditoria estatica de archivos HTML
LINK-0030,/certificaciones/,(texto en enlace),/sobre-mi/,interno,SI,SI,NO,200 (local file),N/A,Sobre Mí | Jonathan Esteban — Full-Stack Developer & AI Engineer,Sobre Mí & Dashboard,https://jonathanesteban.dev/sobre-mi/,OK,Auditoria estatica de archivos HTML
LINK-0031,/certificaciones/,(texto en enlace),/faq/,interno,SI,SI,NO,200 (local file),N/A,Preguntas Frecuentes (FAQ) & Centro de Ayuda | Jonathan Esteban,Preguntas Frecuentes,https://jonathanesteban.dev/faq/,OK,Auditoria estatica de archivos HTML
LINK-0032,/certificaciones/,(texto en enlace),/contacto/,interno,SI,SI,NO,200 (local file),N/A,Contacto & Agendamiento | Jonathan Esteban,Formulario de Contacto,https://jonathanesteban.dev/contacto/,OK,Auditoria estatica de archivos HTML
LINK-0033,/certificaciones/,(texto en enlace),/legal/aviso-legal/,interno,SI,SI,NO,200 (local file),N/A,Aviso legal | Jonathan Esteban,Aviso legal,https://jonathanesteban.dev/legal/aviso-legal/,OK,Auditoria estatica de archivos HTML
LINK-0034,/certificaciones/,(texto en enlace),/legal/privacidad/,interno,SI,SI,NO,200 (local file),N/A,Redirigiendo a privacidad,,https://jonathanesteban.dev/privacy-policy/,OK,Auditoria estatica de archivos HTML
LINK-0035,/certificaciones/,(texto en enlace),/legal/cookies/,interno,SI,SI,NO,200 (local file),N/A,Politica de cookies | Jonathan Esteban,Politica de cookies,https://jonathanesteban.dev/legal/cookies/,OK,Auditoria estatica de archivos HTML
LINK-0036,/certificaciones/,(texto en enlace),/privacy-policy/,interno,SI,SI,NO,200 (local file),N/A,Política de Privacidad | Jonathan Esteban,Política de Privacidad,https://jonathanesteban.dev/privacy-policy/,OK,Auditoria estatica de archivos HTML
LINK-0037,/certificaciones/,(texto en enlace),/terms-of-service/,interno,SI,SI,NO,200 (local file),N/A,Términos y Condiciones de Servicio | Jonathan Esteban,Términos y Condiciones de Servicio,https://jonathanesteban.dev/terms-of-service/,OK,Auditoria estatica de archivos HTML
LINK-0038,/certificaciones/,(texto en enlace),/data-deletion/,interno,SI,SI,NO,200 (local file),N/A,Instrucciones y Eliminación de Datos | Jonathan Esteban,Instrucciones de Eliminación de Datos de Usuario,https://jonathanesteban.dev/data-deletion/,OK,Auditoria estatica de archivos HTML
LINK-0039,/certificaciones/,(texto en enlace),/contacto/,interno,SI,SI,NO,200 (local file),N/A,Contacto & Agendamiento | Jonathan Esteban,Formulario de Contacto,https://jonathanesteban.dev/contacto/,OK,Auditoria estatica de archivos HTML
LINK-0040,/contacto/,(texto en enlace),#main-content,ancla,SI,SI,NO,N/A,N/A,,,,OK,Auditoria estatica de archivos HTML
LINK-0041,/contacto/,(texto en enlace),/,interno,SI,SI,NO,200 (local file),N/A,Jonathan Esteban | Full-Stack Developer & AI Engineer · Madrid & Barcelona,Jonathan Esteban,https://jonathanesteban.dev/,OK,Auditoria estatica de archivos HTML
LINK-0042,/contacto/,(texto en enlace),/servicios/,interno,SI,SI,NO,200 (local file),N/A,"Servicios de Desarrollo Web, IA y Automatización | Jonathan Esteban",Soluciones digitales que impulsan tu negocio,https://jonathanesteban.dev/servicios/,OK,Auditoria estatica de archivos HTML
LINK-0043,/contacto/,(texto en enlace),/proyectos/,interno,SI,SI,NO,200 (local file),N/A,Portfolio de Proyectos & Casos de Éxito | Jonathan Esteban,Portfolio de Proyectos & Casos,https://jonathanesteban.dev/proyectos/,OK,Auditoria estatica de archivos HTML
LINK-0044,/contacto/,(texto en enlace),/certificaciones/,interno,SI,SI,NO,200 (local file),N/A,Certificaciones & Formación | Jonathan Esteban,Formación & Certificaciones,https://jonathanesteban.dev/certificaciones/,OK,Auditoria estatica de archivos HTML
LINK-0045,/contacto/,(texto en enlace),/sobre-mi/,interno,SI,SI,NO,200 (local file),N/A,Sobre Mí | Jonathan Esteban — Full-Stack Developer & AI Engineer,Sobre Mí & Dashboard,https://jonathanesteban.dev/sobre-mi/,OK,Auditoria estatica de archivos HTML
LINK-0046,/contacto/,(texto en enlace),/faq/,interno,SI,SI,NO,200 (local file),N/A,Preguntas Frecuentes (FAQ) & Centro de Ayuda | Jonathan Esteban,Preguntas Frecuentes,https://jonathanesteban.dev/faq/,OK,Auditoria estatica de archivos HTML
LINK-0047,/contacto/,(texto en enlace),/contacto/,interno,SI,SI,NO,200 (local file),N/A,Contacto & Agendamiento | Jonathan Esteban,Formulario de Contacto,https://jonathanesteban.dev/contacto/,OK,Auditoria estatica de archivos HTML
LINK-0048,/contacto/,(texto en enlace),/servicios/,interno,SI,SI,NO,200 (local file),N/A,"Servicios de Desarrollo Web, IA y Automatización | Jonathan Esteban",Soluciones digitales que impulsan tu negocio,https://jonathanesteban.dev/servicios/,OK,Auditoria estatica de archivos HTML
LINK-0049,/contacto/,(texto en enlace),/proyectos/,interno,SI,SI,NO,200 (local file),N/A,Portfolio de Proyectos & Casos de Éxito | Jonathan Esteban,Portfolio de Proyectos & Casos,https://jonathanesteban.dev/proyectos/,OK,Auditoria estatica de archivos HTML
LINK-0050,/contacto/,(texto en enlace),/certificaciones/,interno,SI,SI,NO,200 (local file),N/A,Certificaciones & Formación | Jonathan Esteban,Formación & Certificaciones,https://jonathanesteban.dev/certificaciones/,OK,Auditoria estatica de archivos HTML
LINK-0051,/contacto/,(texto en enlace),/sobre-mi/,interno,SI,SI,NO,200 (local file),N/A,Sobre Mí | Jonathan Esteban — Full-Stack Developer & AI Engineer,Sobre Mí & Dashboard,https://jonathanesteban.dev/sobre-mi/,OK,Auditoria estatica de archivos HTML
LINK-0052,/contacto/,(texto en enlace),/faq/,interno,SI,SI,NO,200 (local file),N/A,Preguntas Frecuentes (FAQ) & Centro de Ayuda | Jonathan Esteban,Preguntas Frecuentes,https://jonathanesteban.dev/faq/,OK,Auditoria estatica de archivos HTML
LINK-0053,/contacto/,(texto en enlace),/contacto/,interno,SI,SI,NO,200 (local file),N/A,Contacto & Agendamiento | Jonathan Esteban,Formulario de Contacto,https://jonathanesteban.dev/contacto/,OK,Auditoria estatica de archivos HTML
LINK-0054,/contacto/,(texto en enlace),https://wa.me/34614739345,externo,SI,SI,NO,N/A,N/A,,,,OK,Auditoria estatica de archivos HTML
LINK-0055,/contacto/,(texto en enlace),/legal/aviso-legal/,interno,SI,SI,NO,200 (local file),N/A,Aviso legal | Jonathan Esteban,Aviso legal,https://jonathanesteban.dev/legal/aviso-legal/,OK,Auditoria estatica de archivos HTML
LINK-0056,/contacto/,(texto en enlace),/legal/privacidad/,interno,SI,SI,NO,200 (local file),N/A,Redirigiendo a privacidad,,https://jonathanesteban.dev/privacy-policy/,OK,Auditoria estatica de archivos HTML
LINK-0057,/contacto/,(texto en enlace),/legal/cookies/,interno,SI,SI,NO,200 (local file),N/A,Politica de cookies | Jonathan Esteban,Politica de cookies,https://jonathanesteban.dev/legal/cookies/,OK,Auditoria estatica de archivos HTML
LINK-0058,/contacto/,(texto en enlace),/privacy-policy/,interno,SI,SI,NO,200 (local file),N/A,Política de Privacidad | Jonathan Esteban,Política de Privacidad,https://jonathanesteban.dev/privacy-policy/,OK,Auditoria estatica de archivos HTML
LINK-0059,/contacto/,(texto en enlace),/terms-of-service/,interno,SI,SI,NO,200 (local file),N/A,Términos y Condiciones de Servicio | Jonathan Esteban,Términos y Condiciones de Servicio,https://jonathanesteban.dev/terms-of-service/,OK,Auditoria estatica de archivos HTML
LINK-0060,/contacto/,(texto en enlace),/data-deletion/,interno,SI,SI,NO,200 (local file),N/A,Instrucciones y Eliminación de Datos | Jonathan Esteban,Instrucciones de Eliminación de Datos de Usuario,https://jonathanesteban.dev/data-deletion/,OK,Auditoria estatica de archivos HTML
LINK-0061,/contacto/,(texto en enlace),/contacto/,interno,SI,SI,NO,200 (local file),N/A,Contacto & Agendamiento | Jonathan Esteban,Formulario de Contacto,https://jonathanesteban.dev/contacto/,OK,Auditoria estatica de archivos HTML
LINK-0062,/data-deletion/,(texto en enlace),#main-content,ancla,SI,SI,NO,N/A,N/A,,,,OK,Auditoria estatica de archivos HTML
LINK-0063,/data-deletion/,(texto en enlace),/,interno,SI,SI,NO,200 (local file),N/A,Jonathan Esteban | Full-Stack Developer & AI Engineer · Madrid & Barcelona,Jonathan Esteban,https://jonathanesteban.dev/,OK,Auditoria estatica de archivos HTML
LINK-0064,/data-deletion/,(texto en enlace),/servicios/,interno,SI,SI,NO,200 (local file),N/A,"Servicios de Desarrollo Web, IA y Automatización | Jonathan Esteban",Soluciones digitales que impulsan tu negocio,https://jonathanesteban.dev/servicios/,OK,Auditoria estatica de archivos HTML
LINK-0065,/data-deletion/,(texto en enlace),/proyectos/,interno,SI,SI,NO,200 (local file),N/A,Portfolio de Proyectos & Casos de Éxito | Jonathan Esteban,Portfolio de Proyectos & Casos,https://jonathanesteban.dev/proyectos/,OK,Auditoria estatica de archivos HTML
LINK-0066,/data-deletion/,(texto en enlace),/contacto/,interno,SI,SI,NO,200 (local file),N/A,Contacto & Agendamiento | Jonathan Esteban,Formulario de Contacto,https://jonathanesteban.dev/contacto/,OK,Auditoria estatica de archivos HTML
LINK-0067,/data-deletion/,(texto en enlace),/servicios/,interno,SI,SI,NO,200 (local file),N/A,"Servicios de Desarrollo Web, IA y Automatización | Jonathan Esteban",Soluciones digitales que impulsan tu negocio,https://jonathanesteban.dev/servicios/,OK,Auditoria estatica de archivos HTML
LINK-0068,/data-deletion/,(texto en enlace),/proyectos/,interno,SI,SI,NO,200 (local file),N/A,Portfolio de Proyectos & Casos de Éxito | Jonathan Esteban,Portfolio de Proyectos & Casos,https://jonathanesteban.dev/proyectos/,OK,Auditoria estatica de archivos HTML
LINK-0069,/data-deletion/,(texto en enlace),/certificaciones/,interno,SI,SI,NO,200 (local file),N/A,Certificaciones & Formación | Jonathan Esteban,Formación & Certificaciones,https://jonathanesteban.dev/certificaciones/,OK,Auditoria estatica de archivos HTML
LINK-0070,/data-deletion/,(texto en enlace),/sobre-mi/,interno,SI,SI,NO,200 (local file),N/A,Sobre Mí | Jonathan Esteban — Full-Stack Developer & AI Engineer,Sobre Mí & Dashboard,https://jonathanesteban.dev/sobre-mi/,OK,Auditoria estatica de archivos HTML
LINK-0071,/data-deletion/,(texto en enlace),/faq/,interno,SI,SI,NO,200 (local file),N/A,Preguntas Frecuentes (FAQ) & Centro de Ayuda | Jonathan Esteban,Preguntas Frecuentes,https://jonathanesteban.dev/faq/,OK,Auditoria estatica de archivos HTML
LINK-0072,/data-deletion/,(texto en enlace),/contacto/,interno,SI,SI,NO,200 (local file),N/A,Contacto & Agendamiento | Jonathan Esteban,Formulario de Contacto,https://jonathanesteban.dev/contacto/,OK,Auditoria estatica de archivos HTML
LINK-0073,/data-deletion/,(texto en enlace),mailto:joonathanesteban@gmail.com,externo,SI,SI,NO,N/A,N/A,,,,OK,Auditoria estatica de archivos HTML
LINK-0074,/data-deletion/,(texto en enlace),/legal/aviso-legal/,interno,SI,SI,NO,200 (local file),N/A,Aviso legal | Jonathan Esteban,Aviso legal,https://jonathanesteban.dev/legal/aviso-legal/,OK,Auditoria estatica de archivos HTML
LINK-0075,/data-deletion/,(texto en enlace),/legal/privacidad/,interno,SI,SI,NO,200 (local file),N/A,Redirigiendo a privacidad,,https://jonathanesteban.dev/privacy-policy/,OK,Auditoria estatica de archivos HTML
LINK-0076,/data-deletion/,(texto en enlace),/legal/cookies/,interno,SI,SI,NO,200 (local file),N/A,Politica de cookies | Jonathan Esteban,Politica de cookies,https://jonathanesteban.dev/legal/cookies/,OK,Auditoria estatica de archivos HTML
LINK-0077,/data-deletion/,(texto en enlace),/privacy-policy/,interno,SI,SI,NO,200 (local file),N/A,Política de Privacidad | Jonathan Esteban,Política de Privacidad,https://jonathanesteban.dev/privacy-policy/,OK,Auditoria estatica de archivos HTML
LINK-0078,/data-deletion/,(texto en enlace),/terms-of-service/,interno,SI,SI,NO,200 (local file),N/A,Términos y Condiciones de Servicio | Jonathan Esteban,Términos y Condiciones de Servicio,https://jonathanesteban.dev/terms-of-service/,OK,Auditoria estatica de archivos HTML
LINK-0079,/data-deletion/,(texto en enlace),/data-deletion/,interno,SI,SI,NO,200 (local file),N/A,Instrucciones y Eliminación de Datos | Jonathan Esteban,Instrucciones de Eliminación de Datos de Usuario,https://jonathanesteban.dev/data-deletion/,OK,Auditoria estatica de archivos HTML
LINK-0080,/data-deletion/,(texto en enlace),/contacto/,interno,SI,SI,NO,200 (local file),N/A,Contacto & Agendamiento | Jonathan Esteban,Formulario de Contacto,https://jonathanesteban.dev/contacto/,OK,Auditoria estatica de archivos HTML
LINK-0081,/faq/,(texto en enlace),#main-content,ancla,SI,SI,NO,N/A,N/A,,,,OK,Auditoria estatica de archivos HTML
LINK-0082,/faq/,(texto en enlace),/,interno,SI,SI,NO,200 (local file),N/A,Jonathan Esteban | Full-Stack Developer & AI Engineer · Madrid & Barcelona,Jonathan Esteban,https://jonathanesteban.dev/,OK,Auditoria estatica de archivos HTML
LINK-0083,/faq/,(texto en enlace),/servicios/,interno,SI,SI,NO,200 (local file),N/A,"Servicios de Desarrollo Web, IA y Automatización | Jonathan Esteban",Soluciones digitales que impulsan tu negocio,https://jonathanesteban.dev/servicios/,OK,Auditoria estatica de archivos HTML
LINK-0084,/faq/,(texto en enlace),/proyectos/,interno,SI,SI,NO,200 (local file),N/A,Portfolio de Proyectos & Casos de Éxito | Jonathan Esteban,Portfolio de Proyectos & Casos,https://jonathanesteban.dev/proyectos/,OK,Auditoria estatica de archivos HTML
LINK-0085,/faq/,(texto en enlace),/certificaciones/,interno,SI,SI,NO,200 (local file),N/A,Certificaciones & Formación | Jonathan Esteban,Formación & Certificaciones,https://jonathanesteban.dev/certificaciones/,OK,Auditoria estatica de archivos HTML
LINK-0086,/faq/,(texto en enlace),/sobre-mi/,interno,SI,SI,NO,200 (local file),N/A,Sobre Mí | Jonathan Esteban — Full-Stack Developer & AI Engineer,Sobre Mí & Dashboard,https://jonathanesteban.dev/sobre-mi/,OK,Auditoria estatica de archivos HTML
LINK-0087,/faq/,(texto en enlace),/faq/,interno,SI,SI,NO,200 (local file),N/A,Preguntas Frecuentes (FAQ) & Centro de Ayuda | Jonathan Esteban,Preguntas Frecuentes,https://jonathanesteban.dev/faq/,OK,Auditoria estatica de archivos HTML
LINK-0088,/faq/,(texto en enlace),/contacto/,interno,SI,SI,NO,200 (local file),N/A,Contacto & Agendamiento | Jonathan Esteban,Formulario de Contacto,https://jonathanesteban.dev/contacto/,OK,Auditoria estatica de archivos HTML
LINK-0089,/faq/,(texto en enlace),/servicios/,interno,SI,SI,NO,200 (local file),N/A,"Servicios de Desarrollo Web, IA y Automatización | Jonathan Esteban",Soluciones digitales que impulsan tu negocio,https://jonathanesteban.dev/servicios/,OK,Auditoria estatica de archivos HTML
LINK-0090,/faq/,(texto en enlace),/proyectos/,interno,SI,SI,NO,200 (local file),N/A,Portfolio de Proyectos & Casos de Éxito | Jonathan Esteban,Portfolio de Proyectos & Casos,https://jonathanesteban.dev/proyectos/,OK,Auditoria estatica de archivos HTML
LINK-0091,/faq/,(texto en enlace),/certificaciones/,interno,SI,SI,NO,200 (local file),N/A,Certificaciones & Formación | Jonathan Esteban,Formación & Certificaciones,https://jonathanesteban.dev/certificaciones/,OK,Auditoria estatica de archivos HTML
LINK-0092,/faq/,(texto en enlace),/sobre-mi/,interno,SI,SI,NO,200 (local file),N/A,Sobre Mí | Jonathan Esteban — Full-Stack Developer & AI Engineer,Sobre Mí & Dashboard,https://jonathanesteban.dev/sobre-mi/,OK,Auditoria estatica de archivos HTML
LINK-0093,/faq/,(texto en enlace),/faq/,interno,SI,SI,NO,200 (local file),N/A,Preguntas Frecuentes (FAQ) & Centro de Ayuda | Jonathan Esteban,Preguntas Frecuentes,https://jonathanesteban.dev/faq/,OK,Auditoria estatica de archivos HTML
LINK-0094,/faq/,(texto en enlace),/contacto/,interno,SI,SI,NO,200 (local file),N/A,Contacto & Agendamiento | Jonathan Esteban,Formulario de Contacto,https://jonathanesteban.dev/contacto/,OK,Auditoria estatica de archivos HTML
LINK-0095,/faq/,(texto en enlace),/legal/aviso-legal/,interno,SI,SI,NO,200 (local file),N/A,Aviso legal | Jonathan Esteban,Aviso legal,https://jonathanesteban.dev/legal/aviso-legal/,OK,Auditoria estatica de archivos HTML
LINK-0096,/faq/,(texto en enlace),/legal/privacidad/,interno,SI,SI,NO,200 (local file),N/A,Redirigiendo a privacidad,,https://jonathanesteban.dev/privacy-policy/,OK,Auditoria estatica de archivos HTML
LINK-0097,/faq/,(texto en enlace),/legal/cookies/,interno,SI,SI,NO,200 (local file),N/A,Politica de cookies | Jonathan Esteban,Politica de cookies,https://jonathanesteban.dev/legal/cookies/,OK,Auditoria estatica de archivos HTML
LINK-0098,/faq/,(texto en enlace),/privacy-policy/,interno,SI,SI,NO,200 (local file),N/A,Política de Privacidad | Jonathan Esteban,Política de Privacidad,https://jonathanesteban.dev/privacy-policy/,OK,Auditoria estatica de archivos HTML
LINK-0099,/faq/,(texto en enlace),/terms-of-service/,interno,SI,SI,NO,200 (local file),N/A,Términos y Condiciones de Servicio | Jonathan Esteban,Términos y Condiciones de Servicio,https://jonathanesteban.dev/terms-of-service/,OK,Auditoria estatica de archivos HTML
LINK-0100,/faq/,(texto en enlace),/data-deletion/,interno,SI,SI,NO,200 (local file),N/A,Instrucciones y Eliminación de Datos | Jonathan Esteban,Instrucciones de Eliminación de Datos de Usuario,https://jonathanesteban.dev/data-deletion/,OK,Auditoria estatica de archivos HTML
LINK-0101,/faq/,(texto en enlace),/contacto/,interno,SI,SI,NO,200 (local file),N/A,Contacto & Agendamiento | Jonathan Esteban,Formulario de Contacto,https://jonathanesteban.dev/contacto/,OK,Auditoria estatica de archivos HTML
LINK-0102,/gracias/,(texto en enlace),#main-content,ancla,SI,SI,NO,N/A,N/A,,,,OK,Auditoria estatica de archivos HTML
LINK-0103,/gracias/,(texto en enlace),/,interno,SI,SI,NO,200 (local file),N/A,Jonathan Esteban | Full-Stack Developer & AI Engineer · Madrid & Barcelona,Jonathan Esteban,https://jonathanesteban.dev/,OK,Auditoria estatica de archivos HTML
LINK-0104,/gracias/,(texto en enlace),/servicios/,interno,SI,SI,NO,200 (local file),N/A,"Servicios de Desarrollo Web, IA y Automatización | Jonathan Esteban",Soluciones digitales que impulsan tu negocio,https://jonathanesteban.dev/servicios/,OK,Auditoria estatica de archivos HTML
LINK-0105,/gracias/,(texto en enlace),/proyectos/,interno,SI,SI,NO,200 (local file),N/A,Portfolio de Proyectos & Casos de Éxito | Jonathan Esteban,Portfolio de Proyectos & Casos,https://jonathanesteban.dev/proyectos/,OK,Auditoria estatica de archivos HTML
LINK-0106,/gracias/,(texto en enlace),/certificaciones/,interno,SI,SI,NO,200 (local file),N/A,Certificaciones & Formación | Jonathan Esteban,Formación & Certificaciones,https://jonathanesteban.dev/certificaciones/,OK,Auditoria estatica de archivos HTML
LINK-0107,/gracias/,(texto en enlace),/sobre-mi/,interno,SI,SI,NO,200 (local file),N/A,Sobre Mí | Jonathan Esteban — Full-Stack Developer & AI Engineer,Sobre Mí & Dashboard,https://jonathanesteban.dev/sobre-mi/,OK,Auditoria estatica de archivos HTML
LINK-0108,/gracias/,(texto en enlace),/faq/,interno,SI,SI,NO,200 (local file),N/A,Preguntas Frecuentes (FAQ) & Centro de Ayuda | Jonathan Esteban,Preguntas Frecuentes,https://jonathanesteban.dev/faq/,OK,Auditoria estatica de archivos HTML
LINK-0109,/gracias/,(texto en enlace),/contacto/,interno,SI,SI,NO,200 (local file),N/A,Contacto & Agendamiento | Jonathan Esteban,Formulario de Contacto,https://jonathanesteban.dev/contacto/,OK,Auditoria estatica de archivos HTML
LINK-0110,/gracias/,(texto en enlace),/,interno,SI,SI,NO,200 (local file),N/A,Jonathan Esteban | Full-Stack Developer & AI Engineer · Madrid & Barcelona,Jonathan Esteban,https://jonathanesteban.dev/,OK,Auditoria estatica de archivos HTML
LINK-0111,/gracias/,(texto en enlace),/proyectos/,interno,SI,SI,NO,200 (local file),N/A,Portfolio de Proyectos & Casos de Éxito | Jonathan Esteban,Portfolio de Proyectos & Casos,https://jonathanesteban.dev/proyectos/,OK,Auditoria estatica de archivos HTML
LINK-0112,/gracias/,(texto en enlace),/legal/aviso-legal/,interno,SI,SI,NO,200 (local file),N/A,Aviso legal | Jonathan Esteban,Aviso legal,https://jonathanesteban.dev/legal/aviso-legal/,OK,Auditoria estatica de archivos HTML
LINK-0113,/gracias/,(texto en enlace),/legal/privacidad/,interno,SI,SI,NO,200 (local file),N/A,Redirigiendo a privacidad,,https://jonathanesteban.dev/privacy-policy/,OK,Auditoria estatica de archivos HTML
LINK-0114,/gracias/,(texto en enlace),/legal/cookies/,interno,SI,SI,NO,200 (local file),N/A,Politica de cookies | Jonathan Esteban,Politica de cookies,https://jonathanesteban.dev/legal/cookies/,OK,Auditoria estatica de archivos HTML
LINK-0115,/gracias/,(texto en enlace),/privacy-policy/,interno,SI,SI,NO,200 (local file),N/A,Política de Privacidad | Jonathan Esteban,Política de Privacidad,https://jonathanesteban.dev/privacy-policy/,OK,Auditoria estatica de archivos HTML
LINK-0116,/gracias/,(texto en enlace),/terms-of-service/,interno,SI,SI,NO,200 (local file),N/A,Términos y Condiciones de Servicio | Jonathan Esteban,Términos y Condiciones de Servicio,https://jonathanesteban.dev/terms-of-service/,OK,Auditoria estatica de archivos HTML
LINK-0117,/gracias/,(texto en enlace),/data-deletion/,interno,SI,SI,NO,200 (local file),N/A,Instrucciones y Eliminación de Datos | Jonathan Esteban,Instrucciones de Eliminación de Datos de Usuario,https://jonathanesteban.dev/data-deletion/,OK,Auditoria estatica de archivos HTML
LINK-0118,/gracias/,(texto en enlace),/contacto/,interno,SI,SI,NO,200 (local file),N/A,Contacto & Agendamiento | Jonathan Esteban,Formulario de Contacto,https://jonathanesteban.dev/contacto/,OK,Auditoria estatica de archivos HTML
LINK-0119,/,(texto en enlace),#main-content,ancla,SI,SI,NO,N/A,N/A,,,,OK,Auditoria estatica de archivos HTML
LINK-0120,/,Jonathan Esteban Inicio,/,interno,SI,SI,NO,200 (local file),N/A,Jonathan Esteban | Full-Stack Developer & AI Engineer · Madrid & Barcelona,Jonathan Esteban,https://jonathanesteban.dev/,OK,Auditoria estatica de archivos HTML
LINK-0121,/,(texto en enlace),/servicios/,interno,SI,SI,NO,200 (local file),N/A,"Servicios de Desarrollo Web, IA y Automatización | Jonathan Esteban",Soluciones digitales que impulsan tu negocio,https://jonathanesteban.dev/servicios/,OK,Auditoria estatica de archivos HTML
LINK-0122,/,(texto en enlace),/proyectos/,interno,SI,SI,NO,200 (local file),N/A,Portfolio de Proyectos & Casos de Éxito | Jonathan Esteban,Portfolio de Proyectos & Casos,https://jonathanesteban.dev/proyectos/,OK,Auditoria estatica de archivos HTML
LINK-0123,/,(texto en enlace),/certificaciones/,interno,SI,SI,NO,200 (local file),N/A,Certificaciones & Formación | Jonathan Esteban,Formación & Certificaciones,https://jonathanesteban.dev/certificaciones/,OK,Auditoria estatica de archivos HTML
LINK-0124,/,(texto en enlace),/sobre-mi/,interno,SI,SI,NO,200 (local file),N/A,Sobre Mí | Jonathan Esteban — Full-Stack Developer & AI Engineer,Sobre Mí & Dashboard,https://jonathanesteban.dev/sobre-mi/,OK,Auditoria estatica de archivos HTML
LINK-0125,/,(texto en enlace),/faq/,interno,SI,SI,NO,200 (local file),N/A,Preguntas Frecuentes (FAQ) & Centro de Ayuda | Jonathan Esteban,Preguntas Frecuentes,https://jonathanesteban.dev/faq/,OK,Auditoria estatica de archivos HTML
LINK-0126,/,(texto en enlace),/contacto/,interno,SI,SI,NO,200 (local file),N/A,Contacto & Agendamiento | Jonathan Esteban,Formulario de Contacto,https://jonathanesteban.dev/contacto/,OK,Auditoria estatica de archivos HTML
LINK-0127,/,(texto en enlace),/servicios/,interno,SI,SI,NO,200 (local file),N/A,"Servicios de Desarrollo Web, IA y Automatización | Jonathan Esteban",Soluciones digitales que impulsan tu negocio,https://jonathanesteban.dev/servicios/,OK,Auditoria estatica de archivos HTML
LINK-0128,/,(texto en enlace),/proyectos/,interno,SI,SI,NO,200 (local file),N/A,Portfolio de Proyectos & Casos de Éxito | Jonathan Esteban,Portfolio de Proyectos & Casos,https://jonathanesteban.dev/proyectos/,OK,Auditoria estatica de archivos HTML
LINK-0129,/,(texto en enlace),/certificaciones/,interno,SI,SI,NO,200 (local file),N/A,Certificaciones & Formación | Jonathan Esteban,Formación & Certificaciones,https://jonathanesteban.dev/certificaciones/,OK,Auditoria estatica de archivos HTML
LINK-0130,/,(texto en enlace),/sobre-mi/,interno,SI,SI,NO,200 (local file),N/A,Sobre Mí | Jonathan Esteban — Full-Stack Developer & AI Engineer,Sobre Mí & Dashboard,https://jonathanesteban.dev/sobre-mi/,OK,Auditoria estatica de archivos HTML
LINK-0131,/,(texto en enlace),/faq/,interno,SI,SI,NO,200 (local file),N/A,Preguntas Frecuentes (FAQ) & Centro de Ayuda | Jonathan Esteban,Preguntas Frecuentes,https://jonathanesteban.dev/faq/,OK,Auditoria estatica de archivos HTML
LINK-0132,/,(texto en enlace),/contacto/,interno,SI,SI,NO,200 (local file),N/A,Contacto & Agendamiento | Jonathan Esteban,Formulario de Contacto,https://jonathanesteban.dev/contacto/,OK,Auditoria estatica de archivos HTML
LINK-0133,/,(texto en enlace),/proyectos/,interno,SI,SI,NO,200 (local file),N/A,Portfolio de Proyectos & Casos de Éxito | Jonathan Esteban,Portfolio de Proyectos & Casos,https://jonathanesteban.dev/proyectos/,OK,Auditoria estatica de archivos HTML
LINK-0134,/,(texto en enlace),/contacto/,interno,SI,SI,NO,200 (local file),N/A,Contacto & Agendamiento | Jonathan Esteban,Formulario de Contacto,https://jonathanesteban.dev/contacto/,OK,Auditoria estatica de archivos HTML
LINK-0135,/,(texto en enlace),/contacto/,interno,SI,SI,NO,200 (local file),N/A,Contacto & Agendamiento | Jonathan Esteban,Formulario de Contacto,https://jonathanesteban.dev/contacto/,OK,Auditoria estatica de archivos HTML
LINK-0136,/,(texto en enlace),https://github.com/4GeeksAcademy/Jesteban1983-TrackFlow.git,externo,SI,SI,NO,N/A,N/A,,,,OK,Auditoria estatica de archivos HTML
LINK-0137,/,(texto en enlace),/proyectos/casos/automatizacion-leads/,interno,SI,SI,NO,200 (local file),N/A,Caso de Estudio: Automatización de Leads & IA con OpenClaw | Jonathan Esteban,Agentes de IA autónomos & Pipeline n8n,https://jonathanesteban.dev/proyectos/casos/automatizacion-leads/,OK,Auditoria estatica de archivos HTML
LINK-0138,/,(texto en enlace),https://github.com/4GeeksAcademy/Jesteban1983-talk-to-the-machine.git,externo,SI,SI,NO,N/A,N/A,,,,OK,Auditoria estatica de archivos HTML
LINK-0139,/,(texto en enlace),/proyectos/demo-app/,interno,SI,SI,NO,200 (local file),N/A,Demo App en Vivo | Jonathan Esteban,Demostración de App en Vivo,https://jonathanesteban.dev/proyectos/demo-app/,OK,Auditoria estatica de archivos HTML
LINK-0140,/,(texto en enlace),/proyectos/,interno,SI,SI,NO,200 (local file),N/A,Portfolio de Proyectos & Casos de Éxito | Jonathan Esteban,Portfolio de Proyectos & Casos,https://jonathanesteban.dev/proyectos/,OK,Auditoria estatica de archivos HTML
LINK-0141,/,(texto en enlace),/servicios/,interno,SI,SI,NO,200 (local file),N/A,"Servicios de Desarrollo Web, IA y Automatización | Jonathan Esteban",Soluciones digitales que impulsan tu negocio,https://jonathanesteban.dev/servicios/,OK,Auditoria estatica de archivos HTML
LINK-0142,/,(texto en enlace),/proyectos/,interno,SI,SI,NO,200 (local file),N/A,Portfolio de Proyectos & Casos de Éxito | Jonathan Esteban,Portfolio de Proyectos & Casos,https://jonathanesteban.dev/proyectos/,OK,Auditoria estatica de archivos HTML
LINK-0143,/,(texto en enlace),/certificaciones/,interno,SI,SI,NO,200 (local file),N/A,Certificaciones & Formación | Jonathan Esteban,Formación & Certificaciones,https://jonathanesteban.dev/certificaciones/,OK,Auditoria estatica de archivos HTML
LINK-0144,/,(texto en enlace),/sobre-mi/,interno,SI,SI,NO,200 (local file),N/A,Sobre Mí | Jonathan Esteban — Full-Stack Developer & AI Engineer,Sobre Mí & Dashboard,https://jonathanesteban.dev/sobre-mi/,OK,Auditoria estatica de archivos HTML
LINK-0145,/,(texto en enlace),/privacy-policy/,interno,SI,SI,NO,200 (local file),N/A,Política de Privacidad | Jonathan Esteban,Política de Privacidad,https://jonathanesteban.dev/privacy-policy/,OK,Auditoria estatica de archivos HTML
LINK-0146,/,(texto en enlace),/terms-of-service/,interno,SI,SI,NO,200 (local file),N/A,Términos y Condiciones de Servicio | Jonathan Esteban,Términos y Condiciones de Servicio,https://jonathanesteban.dev/terms-of-service/,OK,Auditoria estatica de archivos HTML
LINK-0147,/,(texto en enlace),/data-deletion/,interno,SI,SI,NO,200 (local file),N/A,Instrucciones y Eliminación de Datos | Jonathan Esteban,Instrucciones de Eliminación de Datos de Usuario,https://jonathanesteban.dev/data-deletion/,OK,Auditoria estatica de archivos HTML
LINK-0148,/,(texto en enlace),mailto:joonathanesteban@gmail.com,externo,SI,SI,NO,N/A,N/A,,,,OK,Auditoria estatica de archivos HTML
LINK-0149,/,(texto en enlace),https://linkedin.com/in/jonathanesteban,externo,SI,SI,NO,N/A,N/A,,,,OK,Auditoria estatica de archivos HTML
LINK-0150,/,(texto en enlace),https://github.com/Jesteban1983,externo,SI,SI,NO,N/A,N/A,,,,OK,Auditoria estatica de archivos HTML
LINK-0151,/legal/aviso-legal/,(texto en enlace),#main-content,ancla,SI,SI,NO,N/A,N/A,,,,OK,Auditoria estatica de archivos HTML
LINK-0152,/legal/aviso-legal/,(texto en enlace),mailto:joonathanesteban@gmail.com,externo,SI,SI,NO,N/A,N/A,,,,OK,Auditoria estatica de archivos HTML
LINK-0153,/legal/cookies/,(texto en enlace),#main-content,ancla,SI,SI,NO,N/A,N/A,,,,OK,Auditoria estatica de archivos HTML
LINK-0154,/legal/privacidad/,(texto en enlace),/privacy-policy/,interno,SI,SI,NO,200 (local file),N/A,Política de Privacidad | Jonathan Esteban,Política de Privacidad,https://jonathanesteban.dev/privacy-policy/,OK,Auditoria estatica de archivos HTML
LINK-0155,/privacy-policy/,(texto en enlace),#main-content,ancla,SI,SI,NO,N/A,N/A,,,,OK,Auditoria estatica de archivos HTML
LINK-0156,/privacy-policy/,(texto en enlace),/,interno,SI,SI,NO,200 (local file),N/A,Jonathan Esteban | Full-Stack Developer & AI Engineer · Madrid & Barcelona,Jonathan Esteban,https://jonathanesteban.dev/,OK,Auditoria estatica de archivos HTML
LINK-0157,/privacy-policy/,(texto en enlace),/servicios/,interno,SI,SI,NO,200 (local file),N/A,"Servicios de Desarrollo Web, IA y Automatización | Jonathan Esteban",Soluciones digitales que impulsan tu negocio,https://jonathanesteban.dev/servicios/,OK,Auditoria estatica de archivos HTML
LINK-0158,/privacy-policy/,(texto en enlace),/proyectos/,interno,SI,SI,NO,200 (local file),N/A,Portfolio de Proyectos & Casos de Éxito | Jonathan Esteban,Portfolio de Proyectos & Casos,https://jonathanesteban.dev/proyectos/,OK,Auditoria estatica de archivos HTML
LINK-0159,/privacy-policy/,(texto en enlace),/contacto/,interno,SI,SI,NO,200 (local file),N/A,Contacto & Agendamiento | Jonathan Esteban,Formulario de Contacto,https://jonathanesteban.dev/contacto/,OK,Auditoria estatica de archivos HTML
LINK-0160,/privacy-policy/,(texto en enlace),/servicios/,interno,SI,SI,NO,200 (local file),N/A,"Servicios de Desarrollo Web, IA y Automatización | Jonathan Esteban",Soluciones digitales que impulsan tu negocio,https://jonathanesteban.dev/servicios/,OK,Auditoria estatica de archivos HTML
LINK-0161,/privacy-policy/,(texto en enlace),/proyectos/,interno,SI,SI,NO,200 (local file),N/A,Portfolio de Proyectos & Casos de Éxito | Jonathan Esteban,Portfolio de Proyectos & Casos,https://jonathanesteban.dev/proyectos/,OK,Auditoria estatica de archivos HTML
LINK-0162,/privacy-policy/,(texto en enlace),/certificaciones/,interno,SI,SI,NO,200 (local file),N/A,Certificaciones & Formación | Jonathan Esteban,Formación & Certificaciones,https://jonathanesteban.dev/certificaciones/,OK,Auditoria estatica de archivos HTML
LINK-0163,/privacy-policy/,(texto en enlace),/sobre-mi/,interno,SI,SI,NO,200 (local file),N/A,Sobre Mí | Jonathan Esteban — Full-Stack Developer & AI Engineer,Sobre Mí & Dashboard,https://jonathanesteban.dev/sobre-mi/,OK,Auditoria estatica de archivos HTML
LINK-0164,/privacy-policy/,(texto en enlace),/faq/,interno,SI,SI,NO,200 (local file),N/A,Preguntas Frecuentes (FAQ) & Centro de Ayuda | Jonathan Esteban,Preguntas Frecuentes,https://jonathanesteban.dev/faq/,OK,Auditoria estatica de archivos HTML
LINK-0165,/privacy-policy/,(texto en enlace),/contacto/,interno,SI,SI,NO,200 (local file),N/A,Contacto & Agendamiento | Jonathan Esteban,Formulario de Contacto,https://jonathanesteban.dev/contacto/,OK,Auditoria estatica de archivos HTML
LINK-0166,/privacy-policy/,(texto en enlace),mailto:joonathanesteban@gmail.com,externo,SI,SI,NO,N/A,N/A,,,,OK,Auditoria estatica de archivos HTML
LINK-0167,/privacy-policy/,(texto en enlace),https://jonathanesteban.dev,externo,SI,SI,NO,N/A,N/A,,,,OK,Auditoria estatica de archivos HTML
LINK-0168,/privacy-policy/,(texto en enlace),mailto:joonathanesteban@gmail.com,externo,SI,SI,NO,N/A,N/A,,,,OK,Auditoria estatica de archivos HTML
LINK-0169,/privacy-policy/,(texto en enlace),/data-deletion/,interno,SI,SI,NO,200 (local file),N/A,Instrucciones y Eliminación de Datos | Jonathan Esteban,Instrucciones de Eliminación de Datos de Usuario,https://jonathanesteban.dev/data-deletion/,OK,Auditoria estatica de archivos HTML
LINK-0170,/proyectos/casos/automatizacion-leads/,(texto en enlace),#main-content,ancla,SI,SI,NO,N/A,N/A,,,,OK,Auditoria estatica de archivos HTML
LINK-0171,/proyectos/casos/automatizacion-leads/,(texto en enlace),/,interno,SI,SI,NO,200 (local file),N/A,Jonathan Esteban | Full-Stack Developer & AI Engineer · Madrid & Barcelona,Jonathan Esteban,https://jonathanesteban.dev/,OK,Auditoria estatica de archivos HTML
LINK-0172,/proyectos/casos/automatizacion-leads/,(texto en enlace),/servicios/,interno,SI,SI,NO,200 (local file),N/A,"Servicios de Desarrollo Web, IA y Automatización | Jonathan Esteban",Soluciones digitales que impulsan tu negocio,https://jonathanesteban.dev/servicios/,OK,Auditoria estatica de archivos HTML
LINK-0173,/proyectos/casos/automatizacion-leads/,(texto en enlace),/proyectos/,interno,SI,SI,NO,200 (local file),N/A,Portfolio de Proyectos & Casos de Éxito | Jonathan Esteban,Portfolio de Proyectos & Casos,https://jonathanesteban.dev/proyectos/,OK,Auditoria estatica de archivos HTML
LINK-0174,/proyectos/casos/automatizacion-leads/,(texto en enlace),/certificaciones/,interno,SI,SI,NO,200 (local file),N/A,Certificaciones & Formación | Jonathan Esteban,Formación & Certificaciones,https://jonathanesteban.dev/certificaciones/,OK,Auditoria estatica de archivos HTML
LINK-0175,/proyectos/casos/automatizacion-leads/,(texto en enlace),/sobre-mi/,interno,SI,SI,NO,200 (local file),N/A,Sobre Mí | Jonathan Esteban — Full-Stack Developer & AI Engineer,Sobre Mí & Dashboard,https://jonathanesteban.dev/sobre-mi/,OK,Auditoria estatica de archivos HTML
LINK-0176,/proyectos/casos/automatizacion-leads/,(texto en enlace),/faq/,interno,SI,SI,NO,200 (local file),N/A,Preguntas Frecuentes (FAQ) & Centro de Ayuda | Jonathan Esteban,Preguntas Frecuentes,https://jonathanesteban.dev/faq/,OK,Auditoria estatica de archivos HTML
LINK-0177,/proyectos/casos/automatizacion-leads/,(texto en enlace),/contacto/,interno,SI,SI,NO,200 (local file),N/A,Contacto & Agendamiento | Jonathan Esteban,Formulario de Contacto,https://jonathanesteban.dev/contacto/,OK,Auditoria estatica de archivos HTML
LINK-0178,/proyectos/casos/automatizacion-leads/,(texto en enlace),/servicios/,interno,SI,SI,NO,200 (local file),N/A,"Servicios de Desarrollo Web, IA y Automatización | Jonathan Esteban",Soluciones digitales que impulsan tu negocio,https://jonathanesteban.dev/servicios/,OK,Auditoria estatica de archivos HTML
LINK-0179,/proyectos/casos/automatizacion-leads/,(texto en enlace),/proyectos/,interno,SI,SI,NO,200 (local file),N/A,Portfolio de Proyectos & Casos de Éxito | Jonathan Esteban,Portfolio de Proyectos & Casos,https://jonathanesteban.dev/proyectos/,OK,Auditoria estatica de archivos HTML
LINK-0180,/proyectos/casos/automatizacion-leads/,(texto en enlace),/certificaciones/,interno,SI,SI,NO,200 (local file),N/A,Certificaciones & Formación | Jonathan Esteban,Formación & Certificaciones,https://jonathanesteban.dev/certificaciones/,OK,Auditoria estatica de archivos HTML
LINK-0181,/proyectos/casos/automatizacion-leads/,(texto en enlace),/sobre-mi/,interno,SI,SI,NO,200 (local file),N/A,Sobre Mí | Jonathan Esteban — Full-Stack Developer & AI Engineer,Sobre Mí & Dashboard,https://jonathanesteban.dev/sobre-mi/,OK,Auditoria estatica de archivos HTML
LINK-0182,/proyectos/casos/automatizacion-leads/,(texto en enlace),/faq/,interno,SI,SI,NO,200 (local file),N/A,Preguntas Frecuentes (FAQ) & Centro de Ayuda | Jonathan Esteban,Preguntas Frecuentes,https://jonathanesteban.dev/faq/,OK,Auditoria estatica de archivos HTML
LINK-0183,/proyectos/casos/automatizacion-leads/,(texto en enlace),/contacto/,interno,SI,SI,NO,200 (local file),N/A,Contacto & Agendamiento | Jonathan Esteban,Formulario de Contacto,https://jonathanesteban.dev/contacto/,OK,Auditoria estatica de archivos HTML
LINK-0184,/proyectos/casos/automatizacion-leads/,(texto en enlace),/legal/aviso-legal/,interno,SI,SI,NO,200 (local file),N/A,Aviso legal | Jonathan Esteban,Aviso legal,https://jonathanesteban.dev/legal/aviso-legal/,OK,Auditoria estatica de archivos HTML
LINK-0185,/proyectos/casos/automatizacion-leads/,(texto en enlace),/legal/privacidad/,interno,SI,SI,NO,200 (local file),N/A,Redirigiendo a privacidad,,https://jonathanesteban.dev/privacy-policy/,OK,Auditoria estatica de archivos HTML
LINK-0186,/proyectos/casos/automatizacion-leads/,(texto en enlace),/legal/cookies/,interno,SI,SI,NO,200 (local file),N/A,Politica de cookies | Jonathan Esteban,Politica de cookies,https://jonathanesteban.dev/legal/cookies/,OK,Auditoria estatica de archivos HTML
LINK-0187,/proyectos/casos/automatizacion-leads/,(texto en enlace),/privacy-policy/,interno,SI,SI,NO,200 (local file),N/A,Política de Privacidad | Jonathan Esteban,Política de Privacidad,https://jonathanesteban.dev/privacy-policy/,OK,Auditoria estatica de archivos HTML
LINK-0188,/proyectos/casos/automatizacion-leads/,(texto en enlace),/terms-of-service/,interno,SI,SI,NO,200 (local file),N/A,Términos y Condiciones de Servicio | Jonathan Esteban,Términos y Condiciones de Servicio,https://jonathanesteban.dev/terms-of-service/,OK,Auditoria estatica de archivos HTML
LINK-0189,/proyectos/casos/automatizacion-leads/,(texto en enlace),/data-deletion/,interno,SI,SI,NO,200 (local file),N/A,Instrucciones y Eliminación de Datos | Jonathan Esteban,Instrucciones de Eliminación de Datos de Usuario,https://jonathanesteban.dev/data-deletion/,OK,Auditoria estatica de archivos HTML
LINK-0190,/proyectos/casos/automatizacion-leads/,(texto en enlace),/contacto/,interno,SI,SI,NO,200 (local file),N/A,Contacto & Agendamiento | Jonathan Esteban,Formulario de Contacto,https://jonathanesteban.dev/contacto/,OK,Auditoria estatica de archivos HTML
LINK-0191,/proyectos/casos/landing-negocio/,(texto en enlace),#main-content,ancla,SI,SI,NO,N/A,N/A,,,,OK,Auditoria estatica de archivos HTML
LINK-0192,/proyectos/casos/landing-negocio/,(texto en enlace),/,interno,SI,SI,NO,200 (local file),N/A,Jonathan Esteban | Full-Stack Developer & AI Engineer · Madrid & Barcelona,Jonathan Esteban,https://jonathanesteban.dev/,OK,Auditoria estatica de archivos HTML
LINK-0193,/proyectos/casos/landing-negocio/,(texto en enlace),/servicios/,interno,SI,SI,NO,200 (local file),N/A,"Servicios de Desarrollo Web, IA y Automatización | Jonathan Esteban",Soluciones digitales que impulsan tu negocio,https://jonathanesteban.dev/servicios/,OK,Auditoria estatica de archivos HTML
LINK-0194,/proyectos/casos/landing-negocio/,(texto en enlace),/proyectos/,interno,SI,SI,NO,200 (local file),N/A,Portfolio de Proyectos & Casos de Éxito | Jonathan Esteban,Portfolio de Proyectos & Casos,https://jonathanesteban.dev/proyectos/,OK,Auditoria estatica de archivos HTML
LINK-0195,/proyectos/casos/landing-negocio/,(texto en enlace),/certificaciones/,interno,SI,SI,NO,200 (local file),N/A,Certificaciones & Formación | Jonathan Esteban,Formación & Certificaciones,https://jonathanesteban.dev/certificaciones/,OK,Auditoria estatica de archivos HTML
LINK-0196,/proyectos/casos/landing-negocio/,(texto en enlace),/sobre-mi/,interno,SI,SI,NO,200 (local file),N/A,Sobre Mí | Jonathan Esteban — Full-Stack Developer & AI Engineer,Sobre Mí & Dashboard,https://jonathanesteban.dev/sobre-mi/,OK,Auditoria estatica de archivos HTML
LINK-0197,/proyectos/casos/landing-negocio/,(texto en enlace),/faq/,interno,SI,SI,NO,200 (local file),N/A,Preguntas Frecuentes (FAQ) & Centro de Ayuda | Jonathan Esteban,Preguntas Frecuentes,https://jonathanesteban.dev/faq/,OK,Auditoria estatica de archivos HTML
LINK-0198,/proyectos/casos/landing-negocio/,(texto en enlace),/contacto/,interno,SI,SI,NO,200 (local file),N/A,Contacto & Agendamiento | Jonathan Esteban,Formulario de Contacto,https://jonathanesteban.dev/contacto/,OK,Auditoria estatica de archivos HTML
LINK-0199,/proyectos/casos/landing-negocio/,(texto en enlace),/servicios/,interno,SI,SI,NO,200 (local file),N/A,"Servicios de Desarrollo Web, IA y Automatización | Jonathan Esteban",Soluciones digitales que impulsan tu negocio,https://jonathanesteban.dev/servicios/,OK,Auditoria estatica de archivos HTML
LINK-0200,/proyectos/casos/landing-negocio/,(texto en enlace),/proyectos/,interno,SI,SI,NO,200 (local file),N/A,Portfolio de Proyectos & Casos de Éxito | Jonathan Esteban,Portfolio de Proyectos & Casos,https://jonathanesteban.dev/proyectos/,OK,Auditoria estatica de archivos HTML
LINK-0201,/proyectos/casos/landing-negocio/,(texto en enlace),/certificaciones/,interno,SI,SI,NO,200 (local file),N/A,Certificaciones & Formación | Jonathan Esteban,Formación & Certificaciones,https://jonathanesteban.dev/certificaciones/,OK,Auditoria estatica de archivos HTML
LINK-0202,/proyectos/casos/landing-negocio/,(texto en enlace),/sobre-mi/,interno,SI,SI,NO,200 (local file),N/A,Sobre Mí | Jonathan Esteban — Full-Stack Developer & AI Engineer,Sobre Mí & Dashboard,https://jonathanesteban.dev/sobre-mi/,OK,Auditoria estatica de archivos HTML
LINK-0203,/proyectos/casos/landing-negocio/,(texto en enlace),/faq/,interno,SI,SI,NO,200 (local file),N/A,Preguntas Frecuentes (FAQ) & Centro de Ayuda | Jonathan Esteban,Preguntas Frecuentes,https://jonathanesteban.dev/faq/,OK,Auditoria estatica de archivos HTML
LINK-0204,/proyectos/casos/landing-negocio/,(texto en enlace),/contacto/,interno,SI,SI,NO,200 (local file),N/A,Contacto & Agendamiento | Jonathan Esteban,Formulario de Contacto,https://jonathanesteban.dev/contacto/,OK,Auditoria estatica de archivos HTML
LINK-0205,/proyectos/casos/landing-negocio/,(texto en enlace),/legal/aviso-legal/,interno,SI,SI,NO,200 (local file),N/A,Aviso legal | Jonathan Esteban,Aviso legal,https://jonathanesteban.dev/legal/aviso-legal/,OK,Auditoria estatica de archivos HTML
LINK-0206,/proyectos/casos/landing-negocio/,(texto en enlace),/legal/privacidad/,interno,SI,SI,NO,200 (local file),N/A,Redirigiendo a privacidad,,https://jonathanesteban.dev/privacy-policy/,OK,Auditoria estatica de archivos HTML
LINK-0207,/proyectos/casos/landing-negocio/,(texto en enlace),/legal/cookies/,interno,SI,SI,NO,200 (local file),N/A,Politica de cookies | Jonathan Esteban,Politica de cookies,https://jonathanesteban.dev/legal/cookies/,OK,Auditoria estatica de archivos HTML
LINK-0208,/proyectos/casos/landing-negocio/,(texto en enlace),/privacy-policy/,interno,SI,SI,NO,200 (local file),N/A,Política de Privacidad | Jonathan Esteban,Política de Privacidad,https://jonathanesteban.dev/privacy-policy/,OK,Auditoria estatica de archivos HTML
LINK-0209,/proyectos/casos/landing-negocio/,(texto en enlace),/terms-of-service/,interno,SI,SI,NO,200 (local file),N/A,Términos y Condiciones de Servicio | Jonathan Esteban,Términos y Condiciones de Servicio,https://jonathanesteban.dev/terms-of-service/,OK,Auditoria estatica de archivos HTML
LINK-0210,/proyectos/casos/landing-negocio/,(texto en enlace),/data-deletion/,interno,SI,SI,NO,200 (local file),N/A,Instrucciones y Eliminación de Datos | Jonathan Esteban,Instrucciones de Eliminación de Datos de Usuario,https://jonathanesteban.dev/data-deletion/,OK,Auditoria estatica de archivos HTML
LINK-0211,/proyectos/casos/landing-negocio/,(texto en enlace),/contacto/,interno,SI,SI,NO,200 (local file),N/A,Contacto & Agendamiento | Jonathan Esteban,Formulario de Contacto,https://jonathanesteban.dev/contacto/,OK,Auditoria estatica de archivos HTML
LINK-0212,/proyectos/casos/portfolio-redesign/,(texto en enlace),#main-content,ancla,SI,SI,NO,N/A,N/A,,,,OK,Auditoria estatica de archivos HTML
LINK-0213,/proyectos/casos/portfolio-redesign/,(texto en enlace),/,interno,SI,SI,NO,200 (local file),N/A,Jonathan Esteban | Full-Stack Developer & AI Engineer · Madrid & Barcelona,Jonathan Esteban,https://jonathanesteban.dev/,OK,Auditoria estatica de archivos HTML
LINK-0214,/proyectos/casos/portfolio-redesign/,(texto en enlace),/servicios/,interno,SI,SI,NO,200 (local file),N/A,"Servicios de Desarrollo Web, IA y Automatización | Jonathan Esteban",Soluciones digitales que impulsan tu negocio,https://jonathanesteban.dev/servicios/,OK,Auditoria estatica de archivos HTML
LINK-0215,/proyectos/casos/portfolio-redesign/,(texto en enlace),/proyectos/,interno,SI,SI,NO,200 (local file),N/A,Portfolio de Proyectos & Casos de Éxito | Jonathan Esteban,Portfolio de Proyectos & Casos,https://jonathanesteban.dev/proyectos/,OK,Auditoria estatica de archivos HTML
LINK-0216,/proyectos/casos/portfolio-redesign/,(texto en enlace),/certificaciones/,interno,SI,SI,NO,200 (local file),N/A,Certificaciones & Formación | Jonathan Esteban,Formación & Certificaciones,https://jonathanesteban.dev/certificaciones/,OK,Auditoria estatica de archivos HTML
LINK-0217,/proyectos/casos/portfolio-redesign/,(texto en enlace),/sobre-mi/,interno,SI,SI,NO,200 (local file),N/A,Sobre Mí | Jonathan Esteban — Full-Stack Developer & AI Engineer,Sobre Mí & Dashboard,https://jonathanesteban.dev/sobre-mi/,OK,Auditoria estatica de archivos HTML
LINK-0218,/proyectos/casos/portfolio-redesign/,(texto en enlace),/faq/,interno,SI,SI,NO,200 (local file),N/A,Preguntas Frecuentes (FAQ) & Centro de Ayuda | Jonathan Esteban,Preguntas Frecuentes,https://jonathanesteban.dev/faq/,OK,Auditoria estatica de archivos HTML
LINK-0219,/proyectos/casos/portfolio-redesign/,(texto en enlace),/contacto/,interno,SI,SI,NO,200 (local file),N/A,Contacto & Agendamiento | Jonathan Esteban,Formulario de Contacto,https://jonathanesteban.dev/contacto/,OK,Auditoria estatica de archivos HTML
LINK-0220,/proyectos/casos/portfolio-redesign/,(texto en enlace),/servicios/,interno,SI,SI,NO,200 (local file),N/A,"Servicios de Desarrollo Web, IA y Automatización | Jonathan Esteban",Soluciones digitales que impulsan tu negocio,https://jonathanesteban.dev/servicios/,OK,Auditoria estatica de archivos HTML
LINK-0221,/proyectos/casos/portfolio-redesign/,(texto en enlace),/proyectos/,interno,SI,SI,NO,200 (local file),N/A,Portfolio de Proyectos & Casos de Éxito | Jonathan Esteban,Portfolio de Proyectos & Casos,https://jonathanesteban.dev/proyectos/,OK,Auditoria estatica de archivos HTML
LINK-0222,/proyectos/casos/portfolio-redesign/,(texto en enlace),/certificaciones/,interno,SI,SI,NO,200 (local file),N/A,Certificaciones & Formación | Jonathan Esteban,Formación & Certificaciones,https://jonathanesteban.dev/certificaciones/,OK,Auditoria estatica de archivos HTML
LINK-0223,/proyectos/casos/portfolio-redesign/,(texto en enlace),/sobre-mi/,interno,SI,SI,NO,200 (local file),N/A,Sobre Mí | Jonathan Esteban — Full-Stack Developer & AI Engineer,Sobre Mí & Dashboard,https://jonathanesteban.dev/sobre-mi/,OK,Auditoria estatica de archivos HTML
LINK-0224,/proyectos/casos/portfolio-redesign/,(texto en enlace),/faq/,interno,SI,SI,NO,200 (local file),N/A,Preguntas Frecuentes (FAQ) & Centro de Ayuda | Jonathan Esteban,Preguntas Frecuentes,https://jonathanesteban.dev/faq/,OK,Auditoria estatica de archivos HTML
LINK-0225,/proyectos/casos/portfolio-redesign/,(texto en enlace),/contacto/,interno,SI,SI,NO,200 (local file),N/A,Contacto & Agendamiento | Jonathan Esteban,Formulario de Contacto,https://jonathanesteban.dev/contacto/,OK,Auditoria estatica de archivos HTML
LINK-0226,/proyectos/casos/portfolio-redesign/,(texto en enlace),/legal/aviso-legal/,interno,SI,SI,NO,200 (local file),N/A,Aviso legal | Jonathan Esteban,Aviso legal,https://jonathanesteban.dev/legal/aviso-legal/,OK,Auditoria estatica de archivos HTML
LINK-0227,/proyectos/casos/portfolio-redesign/,(texto en enlace),/legal/privacidad/,interno,SI,SI,NO,200 (local file),N/A,Redirigiendo a privacidad,,https://jonathanesteban.dev/privacy-policy/,OK,Auditoria estatica de archivos HTML
LINK-0228,/proyectos/casos/portfolio-redesign/,(texto en enlace),/legal/cookies/,interno,SI,SI,NO,200 (local file),N/A,Politica de cookies | Jonathan Esteban,Politica de cookies,https://jonathanesteban.dev/legal/cookies/,OK,Auditoria estatica de archivos HTML
LINK-0229,/proyectos/casos/portfolio-redesign/,(texto en enlace),/privacy-policy/,interno,SI,SI,NO,200 (local file),N/A,Política de Privacidad | Jonathan Esteban,Política de Privacidad,https://jonathanesteban.dev/privacy-policy/,OK,Auditoria estatica de archivos HTML
LINK-0230,/proyectos/casos/portfolio-redesign/,(texto en enlace),/terms-of-service/,interno,SI,SI,NO,200 (local file),N/A,Términos y Condiciones de Servicio | Jonathan Esteban,Términos y Condiciones de Servicio,https://jonathanesteban.dev/terms-of-service/,OK,Auditoria estatica de archivos HTML
LINK-0231,/proyectos/casos/portfolio-redesign/,(texto en enlace),/data-deletion/,interno,SI,SI,NO,200 (local file),N/A,Instrucciones y Eliminación de Datos | Jonathan Esteban,Instrucciones de Eliminación de Datos de Usuario,https://jonathanesteban.dev/data-deletion/,OK,Auditoria estatica de archivos HTML
LINK-0232,/proyectos/casos/portfolio-redesign/,(texto en enlace),/contacto/,interno,SI,SI,NO,200 (local file),N/A,Contacto & Agendamiento | Jonathan Esteban,Formulario de Contacto,https://jonathanesteban.dev/contacto/,OK,Auditoria estatica de archivos HTML
LINK-0233,/proyectos/clawmate/,(texto en enlace),#main-content,ancla,SI,SI,NO,N/A,N/A,,,,OK,Auditoria estatica de archivos HTML
LINK-0234,/proyectos/clawmate/,(texto en enlace),/contacto/?subject=Quiero%20un%20agente%20IA%20similar%20a%20ClawMate,interno,SI,SI,NO,200 (local file),N/A,Contacto & Agendamiento | Jonathan Esteban,Formulario de Contacto,https://jonathanesteban.dev/contacto/,OK,Auditoria estatica de archivos HTML
LINK-0235,/proyectos/demo-app/,(texto en enlace),#main-content,ancla,SI,SI,NO,N/A,N/A,,,,OK,Auditoria estatica de archivos HTML
LINK-0236,/proyectos/demo-app/,(texto en enlace),/,interno,SI,SI,NO,200 (local file),N/A,Jonathan Esteban | Full-Stack Developer & AI Engineer · Madrid & Barcelona,Jonathan Esteban,https://jonathanesteban.dev/,OK,Auditoria estatica de archivos HTML
LINK-0237,/proyectos/demo-app/,(texto en enlace),/servicios/,interno,SI,SI,NO,200 (local file),N/A,"Servicios de Desarrollo Web, IA y Automatización | Jonathan Esteban",Soluciones digitales que impulsan tu negocio,https://jonathanesteban.dev/servicios/,OK,Auditoria estatica de archivos HTML
LINK-0238,/proyectos/demo-app/,(texto en enlace),/proyectos/,interno,SI,SI,NO,200 (local file),N/A,Portfolio de Proyectos & Casos de Éxito | Jonathan Esteban,Portfolio de Proyectos & Casos,https://jonathanesteban.dev/proyectos/,OK,Auditoria estatica de archivos HTML
LINK-0239,/proyectos/demo-app/,(texto en enlace),/certificaciones/,interno,SI,SI,NO,200 (local file),N/A,Certificaciones & Formación | Jonathan Esteban,Formación & Certificaciones,https://jonathanesteban.dev/certificaciones/,OK,Auditoria estatica de archivos HTML
LINK-0240,/proyectos/demo-app/,(texto en enlace),/sobre-mi/,interno,SI,SI,NO,200 (local file),N/A,Sobre Mí | Jonathan Esteban — Full-Stack Developer & AI Engineer,Sobre Mí & Dashboard,https://jonathanesteban.dev/sobre-mi/,OK,Auditoria estatica de archivos HTML
LINK-0241,/proyectos/demo-app/,(texto en enlace),/faq/,interno,SI,SI,NO,200 (local file),N/A,Preguntas Frecuentes (FAQ) & Centro de Ayuda | Jonathan Esteban,Preguntas Frecuentes,https://jonathanesteban.dev/faq/,OK,Auditoria estatica de archivos HTML
LINK-0242,/proyectos/demo-app/,(texto en enlace),/contacto/,interno,SI,SI,NO,200 (local file),N/A,Contacto & Agendamiento | Jonathan Esteban,Formulario de Contacto,https://jonathanesteban.dev/contacto/,OK,Auditoria estatica de archivos HTML
LINK-0243,/proyectos/demo-app/,(texto en enlace),/servicios/,interno,SI,SI,NO,200 (local file),N/A,"Servicios de Desarrollo Web, IA y Automatización | Jonathan Esteban",Soluciones digitales que impulsan tu negocio,https://jonathanesteban.dev/servicios/,OK,Auditoria estatica de archivos HTML
LINK-0244,/proyectos/demo-app/,(texto en enlace),/proyectos/,interno,SI,SI,NO,200 (local file),N/A,Portfolio de Proyectos & Casos de Éxito | Jonathan Esteban,Portfolio de Proyectos & Casos,https://jonathanesteban.dev/proyectos/,OK,Auditoria estatica de archivos HTML
LINK-0245,/proyectos/demo-app/,(texto en enlace),/certificaciones/,interno,SI,SI,NO,200 (local file),N/A,Certificaciones & Formación | Jonathan Esteban,Formación & Certificaciones,https://jonathanesteban.dev/certificaciones/,OK,Auditoria estatica de archivos HTML
LINK-0246,/proyectos/demo-app/,(texto en enlace),/sobre-mi/,interno,SI,SI,NO,200 (local file),N/A,Sobre Mí | Jonathan Esteban — Full-Stack Developer & AI Engineer,Sobre Mí & Dashboard,https://jonathanesteban.dev/sobre-mi/,OK,Auditoria estatica de archivos HTML
LINK-0247,/proyectos/demo-app/,(texto en enlace),/faq/,interno,SI,SI,NO,200 (local file),N/A,Preguntas Frecuentes (FAQ) & Centro de Ayuda | Jonathan Esteban,Preguntas Frecuentes,https://jonathanesteban.dev/faq/,OK,Auditoria estatica de archivos HTML
LINK-0248,/proyectos/demo-app/,(texto en enlace),/contacto/,interno,SI,SI,NO,200 (local file),N/A,Contacto & Agendamiento | Jonathan Esteban,Formulario de Contacto,https://jonathanesteban.dev/contacto/,OK,Auditoria estatica de archivos HTML
LINK-0249,/proyectos/demo-app/,(texto en enlace),/legal/aviso-legal/,interno,SI,SI,NO,200 (local file),N/A,Aviso legal | Jonathan Esteban,Aviso legal,https://jonathanesteban.dev/legal/aviso-legal/,OK,Auditoria estatica de archivos HTML
LINK-0250,/proyectos/demo-app/,(texto en enlace),/legal/privacidad/,interno,SI,SI,NO,200 (local file),N/A,Redirigiendo a privacidad,,https://jonathanesteban.dev/privacy-policy/,OK,Auditoria estatica de archivos HTML
LINK-0251,/proyectos/demo-app/,(texto en enlace),/legal/cookies/,interno,SI,SI,NO,200 (local file),N/A,Politica de cookies | Jonathan Esteban,Politica de cookies,https://jonathanesteban.dev/legal/cookies/,OK,Auditoria estatica de archivos HTML
LINK-0252,/proyectos/demo-app/,(texto en enlace),/privacy-policy/,interno,SI,SI,NO,200 (local file),N/A,Política de Privacidad | Jonathan Esteban,Política de Privacidad,https://jonathanesteban.dev/privacy-policy/,OK,Auditoria estatica de archivos HTML
LINK-0253,/proyectos/demo-app/,(texto en enlace),/terms-of-service/,interno,SI,SI,NO,200 (local file),N/A,Términos y Condiciones de Servicio | Jonathan Esteban,Términos y Condiciones de Servicio,https://jonathanesteban.dev/terms-of-service/,OK,Auditoria estatica de archivos HTML
LINK-0254,/proyectos/demo-app/,(texto en enlace),/data-deletion/,interno,SI,SI,NO,200 (local file),N/A,Instrucciones y Eliminación de Datos | Jonathan Esteban,Instrucciones de Eliminación de Datos de Usuario,https://jonathanesteban.dev/data-deletion/,OK,Auditoria estatica de archivos HTML
LINK-0255,/proyectos/demo-app/,(texto en enlace),/contacto/,interno,SI,SI,NO,200 (local file),N/A,Contacto & Agendamiento | Jonathan Esteban,Formulario de Contacto,https://jonathanesteban.dev/contacto/,OK,Auditoria estatica de archivos HTML
LINK-0256,/proyectos/,(texto en enlace),#main-content,ancla,SI,SI,NO,N/A,N/A,,,,OK,Auditoria estatica de archivos HTML
LINK-0257,/proyectos/,(texto en enlace),/,interno,SI,SI,NO,200 (local file),N/A,Jonathan Esteban | Full-Stack Developer & AI Engineer · Madrid & Barcelona,Jonathan Esteban,https://jonathanesteban.dev/,OK,Auditoria estatica de archivos HTML
LINK-0258,/proyectos/,(texto en enlace),/servicios/,interno,SI,SI,NO,200 (local file),N/A,"Servicios de Desarrollo Web, IA y Automatización | Jonathan Esteban",Soluciones digitales que impulsan tu negocio,https://jonathanesteban.dev/servicios/,OK,Auditoria estatica de archivos HTML
LINK-0259,/proyectos/,(texto en enlace),/proyectos/,interno,SI,SI,NO,200 (local file),N/A,Portfolio de Proyectos & Casos de Éxito | Jonathan Esteban,Portfolio de Proyectos & Casos,https://jonathanesteban.dev/proyectos/,OK,Auditoria estatica de archivos HTML
LINK-0260,/proyectos/,(texto en enlace),/certificaciones/,interno,SI,SI,NO,200 (local file),N/A,Certificaciones & Formación | Jonathan Esteban,Formación & Certificaciones,https://jonathanesteban.dev/certificaciones/,OK,Auditoria estatica de archivos HTML
LINK-0261,/proyectos/,(texto en enlace),/sobre-mi/,interno,SI,SI,NO,200 (local file),N/A,Sobre Mí | Jonathan Esteban — Full-Stack Developer & AI Engineer,Sobre Mí & Dashboard,https://jonathanesteban.dev/sobre-mi/,OK,Auditoria estatica de archivos HTML
LINK-0262,/proyectos/,(texto en enlace),/faq/,interno,SI,SI,NO,200 (local file),N/A,Preguntas Frecuentes (FAQ) & Centro de Ayuda | Jonathan Esteban,Preguntas Frecuentes,https://jonathanesteban.dev/faq/,OK,Auditoria estatica de archivos HTML
LINK-0263,/proyectos/,(texto en enlace),/contacto/,interno,SI,SI,NO,200 (local file),N/A,Contacto & Agendamiento | Jonathan Esteban,Formulario de Contacto,https://jonathanesteban.dev/contacto/,OK,Auditoria estatica de archivos HTML
LINK-0264,/proyectos/,(texto en enlace),/servicios/,interno,SI,SI,NO,200 (local file),N/A,"Servicios de Desarrollo Web, IA y Automatización | Jonathan Esteban",Soluciones digitales que impulsan tu negocio,https://jonathanesteban.dev/servicios/,OK,Auditoria estatica de archivos HTML
LINK-0265,/proyectos/,(texto en enlace),/proyectos/,interno,SI,SI,NO,200 (local file),N/A,Portfolio de Proyectos & Casos de Éxito | Jonathan Esteban,Portfolio de Proyectos & Casos,https://jonathanesteban.dev/proyectos/,OK,Auditoria estatica de archivos HTML
LINK-0266,/proyectos/,(texto en enlace),/certificaciones/,interno,SI,SI,NO,200 (local file),N/A,Certificaciones & Formación | Jonathan Esteban,Formación & Certificaciones,https://jonathanesteban.dev/certificaciones/,OK,Auditoria estatica de archivos HTML
LINK-0267,/proyectos/,(texto en enlace),/sobre-mi/,interno,SI,SI,NO,200 (local file),N/A,Sobre Mí | Jonathan Esteban — Full-Stack Developer & AI Engineer,Sobre Mí & Dashboard,https://jonathanesteban.dev/sobre-mi/,OK,Auditoria estatica de archivos HTML
LINK-0268,/proyectos/,(texto en enlace),/faq/,interno,SI,SI,NO,200 (local file),N/A,Preguntas Frecuentes (FAQ) & Centro de Ayuda | Jonathan Esteban,Preguntas Frecuentes,https://jonathanesteban.dev/faq/,OK,Auditoria estatica de archivos HTML
LINK-0269,/proyectos/,(texto en enlace),/contacto/,interno,SI,SI,NO,200 (local file),N/A,Contacto & Agendamiento | Jonathan Esteban,Formulario de Contacto,https://jonathanesteban.dev/contacto/,OK,Auditoria estatica de archivos HTML
LINK-0270,/proyectos/,(texto en enlace),/proyectos/trackflow/,interno,SI,SI,NO,200 (local file),N/A,TrackFlow | Caso de proyecto,TrackFlow,https://jonathanesteban.dev/proyectos/trackflow/,OK,Auditoria estatica de archivos HTML
LINK-0271,/proyectos/,(texto en enlace),/proyectos/clawmate/,interno,SI,SI,NO,200 (local file),N/A,ClawMate | Caso de proyecto,ClawMate,https://jonathanesteban.dev/proyectos/clawmate/,OK,Auditoria estatica de archivos HTML
LINK-0272,/proyectos/,(texto en enlace),/proyectos/talk-to-the-machine/,interno,SI,SI,NO,200 (local file),N/A,Talk to the Machine | Caso de proyecto,Talk to the Machine,https://jonathanesteban.dev/proyectos/talk-to-the-machine/,OK,Auditoria estatica de archivos HTML
LINK-0273,/proyectos/,(texto en enlace),/proyectos/demo-app/,interno,SI,SI,NO,200 (local file),N/A,Demo App en Vivo | Jonathan Esteban,Demostración de App en Vivo,https://jonathanesteban.dev/proyectos/demo-app/,OK,Auditoria estatica de archivos HTML
LINK-0274,/proyectos/,(texto en enlace),/legal/aviso-legal/,interno,SI,SI,NO,200 (local file),N/A,Aviso legal | Jonathan Esteban,Aviso legal,https://jonathanesteban.dev/legal/aviso-legal/,OK,Auditoria estatica de archivos HTML
LINK-0275,/proyectos/,(texto en enlace),/legal/privacidad/,interno,SI,SI,NO,200 (local file),N/A,Redirigiendo a privacidad,,https://jonathanesteban.dev/privacy-policy/,OK,Auditoria estatica de archivos HTML
LINK-0276,/proyectos/,(texto en enlace),/legal/cookies/,interno,SI,SI,NO,200 (local file),N/A,Politica de cookies | Jonathan Esteban,Politica de cookies,https://jonathanesteban.dev/legal/cookies/,OK,Auditoria estatica de archivos HTML
LINK-0277,/proyectos/,(texto en enlace),/privacy-policy/,interno,SI,SI,NO,200 (local file),N/A,Política de Privacidad | Jonathan Esteban,Política de Privacidad,https://jonathanesteban.dev/privacy-policy/,OK,Auditoria estatica de archivos HTML
LINK-0278,/proyectos/,(texto en enlace),/terms-of-service/,interno,SI,SI,NO,200 (local file),N/A,Términos y Condiciones de Servicio | Jonathan Esteban,Términos y Condiciones de Servicio,https://jonathanesteban.dev/terms-of-service/,OK,Auditoria estatica de archivos HTML
LINK-0279,/proyectos/,(texto en enlace),/data-deletion/,interno,SI,SI,NO,200 (local file),N/A,Instrucciones y Eliminación de Datos | Jonathan Esteban,Instrucciones de Eliminación de Datos de Usuario,https://jonathanesteban.dev/data-deletion/,OK,Auditoria estatica de archivos HTML
LINK-0280,/proyectos/,(texto en enlace),/contacto/,interno,SI,SI,NO,200 (local file),N/A,Contacto & Agendamiento | Jonathan Esteban,Formulario de Contacto,https://jonathanesteban.dev/contacto/,OK,Auditoria estatica de archivos HTML
LINK-0281,/proyectos/talk-to-the-machine/,(texto en enlace),#main-content,ancla,SI,SI,NO,N/A,N/A,,,,OK,Auditoria estatica de archivos HTML
LINK-0282,/proyectos/talk-to-the-machine/,(texto en enlace),https://github.com/4GeeksAcademy/Jesteban1983-talk-to-the-machine.git,externo,SI,SI,NO,N/A,N/A,,,,OK,Auditoria estatica de archivos HTML
LINK-0283,/proyectos/talk-to-the-machine/,(texto en enlace),/proyectos/demo-app/,interno,SI,SI,NO,200 (local file),N/A,Demo App en Vivo | Jonathan Esteban,Demostración de App en Vivo,https://jonathanesteban.dev/proyectos/demo-app/,OK,Auditoria estatica de archivos HTML
LINK-0284,/proyectos/talk-to-the-machine/,(texto en enlace),/contacto/?subject=Quiero%20un%20chat%20de%20IA%20similar%20a%20Talk%20to%20the%20Machine,interno,SI,SI,NO,200 (local file),N/A,Contacto & Agendamiento | Jonathan Esteban,Formulario de Contacto,https://jonathanesteban.dev/contacto/,OK,Auditoria estatica de archivos HTML
LINK-0285,/proyectos/trackflow/,(texto en enlace),#main-content,ancla,SI,SI,NO,N/A,N/A,,,,OK,Auditoria estatica de archivos HTML
LINK-0286,/proyectos/trackflow/,(texto en enlace),https://github.com/4GeeksAcademy/Jesteban1983-TrackFlow.git,externo,SI,SI,NO,N/A,N/A,,,,OK,Auditoria estatica de archivos HTML
LINK-0287,/proyectos/trackflow/,(texto en enlace),/contacto/?subject=Quiero%20un%20sistema%20similar%20a%20TrackFlow,interno,SI,SI,NO,200 (local file),N/A,Contacto & Agendamiento | Jonathan Esteban,Formulario de Contacto,https://jonathanesteban.dev/contacto/,OK,Auditoria estatica de archivos HTML
LINK-0288,/servicios/automatizacion/,(texto en enlace),#main-content,ancla,SI,SI,NO,N/A,N/A,,,,OK,Auditoria estatica de archivos HTML
LINK-0289,/servicios/automatizacion/,(texto en enlace),/,interno,SI,SI,NO,200 (local file),N/A,Jonathan Esteban | Full-Stack Developer & AI Engineer · Madrid & Barcelona,Jonathan Esteban,https://jonathanesteban.dev/,OK,Auditoria estatica de archivos HTML
LINK-0290,/servicios/automatizacion/,(texto en enlace),/servicios/,interno,SI,SI,NO,200 (local file),N/A,"Servicios de Desarrollo Web, IA y Automatización | Jonathan Esteban",Soluciones digitales que impulsan tu negocio,https://jonathanesteban.dev/servicios/,OK,Auditoria estatica de archivos HTML
LINK-0291,/servicios/automatizacion/,(texto en enlace),/proyectos/,interno,SI,SI,NO,200 (local file),N/A,Portfolio de Proyectos & Casos de Éxito | Jonathan Esteban,Portfolio de Proyectos & Casos,https://jonathanesteban.dev/proyectos/,OK,Auditoria estatica de archivos HTML
LINK-0292,/servicios/automatizacion/,(texto en enlace),/certificaciones/,interno,SI,SI,NO,200 (local file),N/A,Certificaciones & Formación | Jonathan Esteban,Formación & Certificaciones,https://jonathanesteban.dev/certificaciones/,OK,Auditoria estatica de archivos HTML
LINK-0293,/servicios/automatizacion/,(texto en enlace),/sobre-mi/,interno,SI,SI,NO,200 (local file),N/A,Sobre Mí | Jonathan Esteban — Full-Stack Developer & AI Engineer,Sobre Mí & Dashboard,https://jonathanesteban.dev/sobre-mi/,OK,Auditoria estatica de archivos HTML
LINK-0294,/servicios/automatizacion/,(texto en enlace),/faq/,interno,SI,SI,NO,200 (local file),N/A,Preguntas Frecuentes (FAQ) & Centro de Ayuda | Jonathan Esteban,Preguntas Frecuentes,https://jonathanesteban.dev/faq/,OK,Auditoria estatica de archivos HTML
LINK-0295,/servicios/automatizacion/,(texto en enlace),/contacto/,interno,SI,SI,NO,200 (local file),N/A,Contacto & Agendamiento | Jonathan Esteban,Formulario de Contacto,https://jonathanesteban.dev/contacto/,OK,Auditoria estatica de archivos HTML
LINK-0296,/servicios/automatizacion/,(texto en enlace),/servicios/,interno,SI,SI,NO,200 (local file),N/A,"Servicios de Desarrollo Web, IA y Automatización | Jonathan Esteban",Soluciones digitales que impulsan tu negocio,https://jonathanesteban.dev/servicios/,OK,Auditoria estatica de archivos HTML
LINK-0297,/servicios/automatizacion/,(texto en enlace),/proyectos/,interno,SI,SI,NO,200 (local file),N/A,Portfolio de Proyectos & Casos de Éxito | Jonathan Esteban,Portfolio de Proyectos & Casos,https://jonathanesteban.dev/proyectos/,OK,Auditoria estatica de archivos HTML
LINK-0298,/servicios/automatizacion/,(texto en enlace),/certificaciones/,interno,SI,SI,NO,200 (local file),N/A,Certificaciones & Formación | Jonathan Esteban,Formación & Certificaciones,https://jonathanesteban.dev/certificaciones/,OK,Auditoria estatica de archivos HTML
LINK-0299,/servicios/automatizacion/,(texto en enlace),/sobre-mi/,interno,SI,SI,NO,200 (local file),N/A,Sobre Mí | Jonathan Esteban — Full-Stack Developer & AI Engineer,Sobre Mí & Dashboard,https://jonathanesteban.dev/sobre-mi/,OK,Auditoria estatica de archivos HTML
LINK-0300,/servicios/automatizacion/,(texto en enlace),/faq/,interno,SI,SI,NO,200 (local file),N/A,Preguntas Frecuentes (FAQ) & Centro de Ayuda | Jonathan Esteban,Preguntas Frecuentes,https://jonathanesteban.dev/faq/,OK,Auditoria estatica de archivos HTML
LINK-0301,/servicios/automatizacion/,(texto en enlace),/contacto/,interno,SI,SI,NO,200 (local file),N/A,Contacto & Agendamiento | Jonathan Esteban,Formulario de Contacto,https://jonathanesteban.dev/contacto/,OK,Auditoria estatica de archivos HTML
LINK-0302,/servicios/automatizacion/,(texto en enlace),/contacto/?service=automatizacion,interno,SI,SI,NO,200 (local file),N/A,Contacto & Agendamiento | Jonathan Esteban,Formulario de Contacto,https://jonathanesteban.dev/contacto/,OK,Auditoria estatica de archivos HTML
LINK-0303,/servicios/automatizacion/,(texto en enlace),/legal/aviso-legal/,interno,SI,SI,NO,200 (local file),N/A,Aviso legal | Jonathan Esteban,Aviso legal,https://jonathanesteban.dev/legal/aviso-legal/,OK,Auditoria estatica de archivos HTML
LINK-0304,/servicios/automatizacion/,(texto en enlace),/legal/privacidad/,interno,SI,SI,NO,200 (local file),N/A,Redirigiendo a privacidad,,https://jonathanesteban.dev/privacy-policy/,OK,Auditoria estatica de archivos HTML
LINK-0305,/servicios/automatizacion/,(texto en enlace),/legal/cookies/,interno,SI,SI,NO,200 (local file),N/A,Politica de cookies | Jonathan Esteban,Politica de cookies,https://jonathanesteban.dev/legal/cookies/,OK,Auditoria estatica de archivos HTML
LINK-0306,/servicios/automatizacion/,(texto en enlace),/terms-of-service/,interno,SI,SI,NO,200 (local file),N/A,Términos y Condiciones de Servicio | Jonathan Esteban,Términos y Condiciones de Servicio,https://jonathanesteban.dev/terms-of-service/,OK,Auditoria estatica de archivos HTML
LINK-0307,/servicios/automatizacion/,(texto en enlace),/data-deletion/,interno,SI,SI,NO,200 (local file),N/A,Instrucciones y Eliminación de Datos | Jonathan Esteban,Instrucciones de Eliminación de Datos de Usuario,https://jonathanesteban.dev/data-deletion/,OK,Auditoria estatica de archivos HTML
LINK-0308,/servicios/automatizacion/,(texto en enlace),/contacto/,interno,SI,SI,NO,200 (local file),N/A,Contacto & Agendamiento | Jonathan Esteban,Formulario de Contacto,https://jonathanesteban.dev/contacto/,OK,Auditoria estatica de archivos HTML
LINK-0309,/servicios/desarrollo-web/,(texto en enlace),#main-content,ancla,SI,SI,NO,N/A,N/A,,,,OK,Auditoria estatica de archivos HTML
LINK-0310,/servicios/desarrollo-web/,(texto en enlace),/,interno,SI,SI,NO,200 (local file),N/A,Jonathan Esteban | Full-Stack Developer & AI Engineer · Madrid & Barcelona,Jonathan Esteban,https://jonathanesteban.dev/,OK,Auditoria estatica de archivos HTML
LINK-0311,/servicios/desarrollo-web/,(texto en enlace),/servicios/,interno,SI,SI,NO,200 (local file),N/A,"Servicios de Desarrollo Web, IA y Automatización | Jonathan Esteban",Soluciones digitales que impulsan tu negocio,https://jonathanesteban.dev/servicios/,OK,Auditoria estatica de archivos HTML
LINK-0312,/servicios/desarrollo-web/,(texto en enlace),/proyectos/,interno,SI,SI,NO,200 (local file),N/A,Portfolio de Proyectos & Casos de Éxito | Jonathan Esteban,Portfolio de Proyectos & Casos,https://jonathanesteban.dev/proyectos/,OK,Auditoria estatica de archivos HTML
LINK-0313,/servicios/desarrollo-web/,(texto en enlace),/certificaciones/,interno,SI,SI,NO,200 (local file),N/A,Certificaciones & Formación | Jonathan Esteban,Formación & Certificaciones,https://jonathanesteban.dev/certificaciones/,OK,Auditoria estatica de archivos HTML
LINK-0314,/servicios/desarrollo-web/,(texto en enlace),/sobre-mi/,interno,SI,SI,NO,200 (local file),N/A,Sobre Mí | Jonathan Esteban — Full-Stack Developer & AI Engineer,Sobre Mí & Dashboard,https://jonathanesteban.dev/sobre-mi/,OK,Auditoria estatica de archivos HTML
LINK-0315,/servicios/desarrollo-web/,(texto en enlace),/faq/,interno,SI,SI,NO,200 (local file),N/A,Preguntas Frecuentes (FAQ) & Centro de Ayuda | Jonathan Esteban,Preguntas Frecuentes,https://jonathanesteban.dev/faq/,OK,Auditoria estatica de archivos HTML
LINK-0316,/servicios/desarrollo-web/,(texto en enlace),/contacto/,interno,SI,SI,NO,200 (local file),N/A,Contacto & Agendamiento | Jonathan Esteban,Formulario de Contacto,https://jonathanesteban.dev/contacto/,OK,Auditoria estatica de archivos HTML
LINK-0317,/servicios/desarrollo-web/,(texto en enlace),/servicios/,interno,SI,SI,NO,200 (local file),N/A,"Servicios de Desarrollo Web, IA y Automatización | Jonathan Esteban",Soluciones digitales que impulsan tu negocio,https://jonathanesteban.dev/servicios/,OK,Auditoria estatica de archivos HTML
LINK-0318,/servicios/desarrollo-web/,(texto en enlace),/proyectos/,interno,SI,SI,NO,200 (local file),N/A,Portfolio de Proyectos & Casos de Éxito | Jonathan Esteban,Portfolio de Proyectos & Casos,https://jonathanesteban.dev/proyectos/,OK,Auditoria estatica de archivos HTML
LINK-0319,/servicios/desarrollo-web/,(texto en enlace),/certificaciones/,interno,SI,SI,NO,200 (local file),N/A,Certificaciones & Formación | Jonathan Esteban,Formación & Certificaciones,https://jonathanesteban.dev/certificaciones/,OK,Auditoria estatica de archivos HTML
LINK-0320,/servicios/desarrollo-web/,(texto en enlace),/sobre-mi/,interno,SI,SI,NO,200 (local file),N/A,Sobre Mí | Jonathan Esteban — Full-Stack Developer & AI Engineer,Sobre Mí & Dashboard,https://jonathanesteban.dev/sobre-mi/,OK,Auditoria estatica de archivos HTML
LINK-0321,/servicios/desarrollo-web/,(texto en enlace),/faq/,interno,SI,SI,NO,200 (local file),N/A,Preguntas Frecuentes (FAQ) & Centro de Ayuda | Jonathan Esteban,Preguntas Frecuentes,https://jonathanesteban.dev/faq/,OK,Auditoria estatica de archivos HTML
LINK-0322,/servicios/desarrollo-web/,(texto en enlace),/contacto/,interno,SI,SI,NO,200 (local file),N/A,Contacto & Agendamiento | Jonathan Esteban,Formulario de Contacto,https://jonathanesteban.dev/contacto/,OK,Auditoria estatica de archivos HTML
LINK-0323,/servicios/desarrollo-web/,(texto en enlace),/contacto/?service=desarrollo-web,interno,SI,SI,NO,200 (local file),N/A,Contacto & Agendamiento | Jonathan Esteban,Formulario de Contacto,https://jonathanesteban.dev/contacto/,OK,Auditoria estatica de archivos HTML
LINK-0324,/servicios/desarrollo-web/,(texto en enlace),/legal/aviso-legal/,interno,SI,SI,NO,200 (local file),N/A,Aviso legal | Jonathan Esteban,Aviso legal,https://jonathanesteban.dev/legal/aviso-legal/,OK,Auditoria estatica de archivos HTML
LINK-0325,/servicios/desarrollo-web/,(texto en enlace),/legal/privacidad/,interno,SI,SI,NO,200 (local file),N/A,Redirigiendo a privacidad,,https://jonathanesteban.dev/privacy-policy/,OK,Auditoria estatica de archivos HTML
LINK-0326,/servicios/desarrollo-web/,(texto en enlace),/legal/cookies/,interno,SI,SI,NO,200 (local file),N/A,Politica de cookies | Jonathan Esteban,Politica de cookies,https://jonathanesteban.dev/legal/cookies/,OK,Auditoria estatica de archivos HTML
LINK-0327,/servicios/desarrollo-web/,(texto en enlace),/terms-of-service/,interno,SI,SI,NO,200 (local file),N/A,Términos y Condiciones de Servicio | Jonathan Esteban,Términos y Condiciones de Servicio,https://jonathanesteban.dev/terms-of-service/,OK,Auditoria estatica de archivos HTML
LINK-0328,/servicios/desarrollo-web/,(texto en enlace),/data-deletion/,interno,SI,SI,NO,200 (local file),N/A,Instrucciones y Eliminación de Datos | Jonathan Esteban,Instrucciones de Eliminación de Datos de Usuario,https://jonathanesteban.dev/data-deletion/,OK,Auditoria estatica de archivos HTML
LINK-0329,/servicios/desarrollo-web/,(texto en enlace),/contacto/,interno,SI,SI,NO,200 (local file),N/A,Contacto & Agendamiento | Jonathan Esteban,Formulario de Contacto,https://jonathanesteban.dev/contacto/,OK,Auditoria estatica de archivos HTML
LINK-0330,/servicios/formateo-limpieza-optimizacion/,(texto en enlace),#main-content,ancla,SI,SI,NO,N/A,N/A,,,,OK,Auditoria estatica de archivos HTML
LINK-0331,/servicios/formateo-limpieza-optimizacion/,(texto en enlace),/,interno,SI,SI,NO,200 (local file),N/A,Jonathan Esteban | Full-Stack Developer & AI Engineer · Madrid & Barcelona,Jonathan Esteban,https://jonathanesteban.dev/,OK,Auditoria estatica de archivos HTML
LINK-0332,/servicios/formateo-limpieza-optimizacion/,(texto en enlace),/servicios/,interno,SI,SI,NO,200 (local file),N/A,"Servicios de Desarrollo Web, IA y Automatización | Jonathan Esteban",Soluciones digitales que impulsan tu negocio,https://jonathanesteban.dev/servicios/,OK,Auditoria estatica de archivos HTML
LINK-0333,/servicios/formateo-limpieza-optimizacion/,(texto en enlace),/proyectos/,interno,SI,SI,NO,200 (local file),N/A,Portfolio de Proyectos & Casos de Éxito | Jonathan Esteban,Portfolio de Proyectos & Casos,https://jonathanesteban.dev/proyectos/,OK,Auditoria estatica de archivos HTML
LINK-0334,/servicios/formateo-limpieza-optimizacion/,(texto en enlace),/certificaciones/,interno,SI,SI,NO,200 (local file),N/A,Certificaciones & Formación | Jonathan Esteban,Formación & Certificaciones,https://jonathanesteban.dev/certificaciones/,OK,Auditoria estatica de archivos HTML
LINK-0335,/servicios/formateo-limpieza-optimizacion/,(texto en enlace),/sobre-mi/,interno,SI,SI,NO,200 (local file),N/A,Sobre Mí | Jonathan Esteban — Full-Stack Developer & AI Engineer,Sobre Mí & Dashboard,https://jonathanesteban.dev/sobre-mi/,OK,Auditoria estatica de archivos HTML
LINK-0336,/servicios/formateo-limpieza-optimizacion/,(texto en enlace),/faq/,interno,SI,SI,NO,200 (local file),N/A,Preguntas Frecuentes (FAQ) & Centro de Ayuda | Jonathan Esteban,Preguntas Frecuentes,https://jonathanesteban.dev/faq/,OK,Auditoria estatica de archivos HTML
LINK-0337,/servicios/formateo-limpieza-optimizacion/,(texto en enlace),/contacto/,interno,SI,SI,NO,200 (local file),N/A,Contacto & Agendamiento | Jonathan Esteban,Formulario de Contacto,https://jonathanesteban.dev/contacto/,OK,Auditoria estatica de archivos HTML
LINK-0338,/servicios/formateo-limpieza-optimizacion/,(texto en enlace),/servicios/,interno,SI,SI,NO,200 (local file),N/A,"Servicios de Desarrollo Web, IA y Automatización | Jonathan Esteban",Soluciones digitales que impulsan tu negocio,https://jonathanesteban.dev/servicios/,OK,Auditoria estatica de archivos HTML
LINK-0339,/servicios/formateo-limpieza-optimizacion/,(texto en enlace),/proyectos/,interno,SI,SI,NO,200 (local file),N/A,Portfolio de Proyectos & Casos de Éxito | Jonathan Esteban,Portfolio de Proyectos & Casos,https://jonathanesteban.dev/proyectos/,OK,Auditoria estatica de archivos HTML
LINK-0340,/servicios/formateo-limpieza-optimizacion/,(texto en enlace),/certificaciones/,interno,SI,SI,NO,200 (local file),N/A,Certificaciones & Formación | Jonathan Esteban,Formación & Certificaciones,https://jonathanesteban.dev/certificaciones/,OK,Auditoria estatica de archivos HTML
LINK-0341,/servicios/formateo-limpieza-optimizacion/,(texto en enlace),/sobre-mi/,interno,SI,SI,NO,200 (local file),N/A,Sobre Mí | Jonathan Esteban — Full-Stack Developer & AI Engineer,Sobre Mí & Dashboard,https://jonathanesteban.dev/sobre-mi/,OK,Auditoria estatica de archivos HTML
LINK-0342,/servicios/formateo-limpieza-optimizacion/,(texto en enlace),/faq/,interno,SI,SI,NO,200 (local file),N/A,Preguntas Frecuentes (FAQ) & Centro de Ayuda | Jonathan Esteban,Preguntas Frecuentes,https://jonathanesteban.dev/faq/,OK,Auditoria estatica de archivos HTML
LINK-0343,/servicios/formateo-limpieza-optimizacion/,(texto en enlace),/contacto/,interno,SI,SI,NO,200 (local file),N/A,Contacto & Agendamiento | Jonathan Esteban,Formulario de Contacto,https://jonathanesteban.dev/contacto/,OK,Auditoria estatica de archivos HTML
LINK-0344,/servicios/formateo-limpieza-optimizacion/,(texto en enlace),/contacto/?prefill=budget&subject=Solicitud%20de%20cotizacion%3A%20Formateo%2C%20Limpieza%20de%20Virus%20y%20Optimizacion&message=Hola%20Jonathan%2C%20quiero%20solicitar%20cotizacion%20para%20Formateo%2C%20Limpieza%20de%20Virus%20y%20Optimizacion.%0A%0ANecesidad%20principal%3A%20recuperar%20rendimiento%20y%20estabilidad%20del%20equipo.%0AProblema%20actual%3A%20describe%20aqui%20la%20situacion.%0ASoftware%20que%20necesito%20instalar%3A%20indicar.%0AUbicacion%3A%20indicar%20zona%20de%20servicio.%0A%0AQuedo%20atento%20a%20tu%20propuesta.,interno,SI,SI,NO,200 (local file),N/A,Contacto & Agendamiento | Jonathan Esteban,Formulario de Contacto,https://jonathanesteban.dev/contacto/,OK,Auditoria estatica de archivos HTML
LINK-0345,/servicios/formateo-limpieza-optimizacion/,(texto en enlace),/legal/aviso-legal/,interno,SI,SI,NO,200 (local file),N/A,Aviso legal | Jonathan Esteban,Aviso legal,https://jonathanesteban.dev/legal/aviso-legal/,OK,Auditoria estatica de archivos HTML
LINK-0346,/servicios/formateo-limpieza-optimizacion/,(texto en enlace),/legal/privacidad/,interno,SI,SI,NO,200 (local file),N/A,Redirigiendo a privacidad,,https://jonathanesteban.dev/privacy-policy/,OK,Auditoria estatica de archivos HTML
LINK-0347,/servicios/formateo-limpieza-optimizacion/,(texto en enlace),/legal/cookies/,interno,SI,SI,NO,200 (local file),N/A,Politica de cookies | Jonathan Esteban,Politica de cookies,https://jonathanesteban.dev/legal/cookies/,OK,Auditoria estatica de archivos HTML
LINK-0348,/servicios/formateo-limpieza-optimizacion/,(texto en enlace),/privacy-policy/,interno,SI,SI,NO,200 (local file),N/A,Política de Privacidad | Jonathan Esteban,Política de Privacidad,https://jonathanesteban.dev/privacy-policy/,OK,Auditoria estatica de archivos HTML
LINK-0349,/servicios/formateo-limpieza-optimizacion/,(texto en enlace),/terms-of-service/,interno,SI,SI,NO,200 (local file),N/A,Términos y Condiciones de Servicio | Jonathan Esteban,Términos y Condiciones de Servicio,https://jonathanesteban.dev/terms-of-service/,OK,Auditoria estatica de archivos HTML
LINK-0350,/servicios/formateo-limpieza-optimizacion/,(texto en enlace),/data-deletion/,interno,SI,SI,NO,200 (local file),N/A,Instrucciones y Eliminación de Datos | Jonathan Esteban,Instrucciones de Eliminación de Datos de Usuario,https://jonathanesteban.dev/data-deletion/,OK,Auditoria estatica de archivos HTML
LINK-0351,/servicios/formateo-limpieza-optimizacion/,(texto en enlace),/contacto/,interno,SI,SI,NO,200 (local file),N/A,Contacto & Agendamiento | Jonathan Esteban,Formulario de Contacto,https://jonathanesteban.dev/contacto/,OK,Auditoria estatica de archivos HTML
LINK-0352,/servicios/,(texto en enlace),#main-content,ancla,SI,SI,NO,N/A,N/A,,,,OK,Auditoria estatica de archivos HTML
LINK-0353,/servicios/,(texto en enlace),/,interno,SI,SI,NO,200 (local file),N/A,Jonathan Esteban | Full-Stack Developer & AI Engineer · Madrid & Barcelona,Jonathan Esteban,https://jonathanesteban.dev/,OK,Auditoria estatica de archivos HTML
LINK-0354,/servicios/,(texto en enlace),/servicios/,interno,SI,SI,NO,200 (local file),N/A,"Servicios de Desarrollo Web, IA y Automatización | Jonathan Esteban",Soluciones digitales que impulsan tu negocio,https://jonathanesteban.dev/servicios/,OK,Auditoria estatica de archivos HTML
LINK-0355,/servicios/,(texto en enlace),/proyectos/,interno,SI,SI,NO,200 (local file),N/A,Portfolio de Proyectos & Casos de Éxito | Jonathan Esteban,Portfolio de Proyectos & Casos,https://jonathanesteban.dev/proyectos/,OK,Auditoria estatica de archivos HTML
LINK-0356,/servicios/,(texto en enlace),/certificaciones/,interno,SI,SI,NO,200 (local file),N/A,Certificaciones & Formación | Jonathan Esteban,Formación & Certificaciones,https://jonathanesteban.dev/certificaciones/,OK,Auditoria estatica de archivos HTML
LINK-0357,/servicios/,(texto en enlace),/sobre-mi/,interno,SI,SI,NO,200 (local file),N/A,Sobre Mí | Jonathan Esteban — Full-Stack Developer & AI Engineer,Sobre Mí & Dashboard,https://jonathanesteban.dev/sobre-mi/,OK,Auditoria estatica de archivos HTML
LINK-0358,/servicios/,(texto en enlace),/faq/,interno,SI,SI,NO,200 (local file),N/A,Preguntas Frecuentes (FAQ) & Centro de Ayuda | Jonathan Esteban,Preguntas Frecuentes,https://jonathanesteban.dev/faq/,OK,Auditoria estatica de archivos HTML
LINK-0359,/servicios/,(texto en enlace),/contacto/,interno,SI,SI,NO,200 (local file),N/A,Contacto & Agendamiento | Jonathan Esteban,Formulario de Contacto,https://jonathanesteban.dev/contacto/,OK,Auditoria estatica de archivos HTML
LINK-0360,/servicios/,(texto en enlace),/servicios/,interno,SI,SI,NO,200 (local file),N/A,"Servicios de Desarrollo Web, IA y Automatización | Jonathan Esteban",Soluciones digitales que impulsan tu negocio,https://jonathanesteban.dev/servicios/,OK,Auditoria estatica de archivos HTML
LINK-0361,/servicios/,(texto en enlace),/proyectos/,interno,SI,SI,NO,200 (local file),N/A,Portfolio de Proyectos & Casos de Éxito | Jonathan Esteban,Portfolio de Proyectos & Casos,https://jonathanesteban.dev/proyectos/,OK,Auditoria estatica de archivos HTML
LINK-0362,/servicios/,(texto en enlace),/certificaciones/,interno,SI,SI,NO,200 (local file),N/A,Certificaciones & Formación | Jonathan Esteban,Formación & Certificaciones,https://jonathanesteban.dev/certificaciones/,OK,Auditoria estatica de archivos HTML
LINK-0363,/servicios/,(texto en enlace),/sobre-mi/,interno,SI,SI,NO,200 (local file),N/A,Sobre Mí | Jonathan Esteban — Full-Stack Developer & AI Engineer,Sobre Mí & Dashboard,https://jonathanesteban.dev/sobre-mi/,OK,Auditoria estatica de archivos HTML
LINK-0364,/servicios/,(texto en enlace),/faq/,interno,SI,SI,NO,200 (local file),N/A,Preguntas Frecuentes (FAQ) & Centro de Ayuda | Jonathan Esteban,Preguntas Frecuentes,https://jonathanesteban.dev/faq/,OK,Auditoria estatica de archivos HTML
LINK-0365,/servicios/,(texto en enlace),/contacto/,interno,SI,SI,NO,200 (local file),N/A,Contacto & Agendamiento | Jonathan Esteban,Formulario de Contacto,https://jonathanesteban.dev/contacto/,OK,Auditoria estatica de archivos HTML
LINK-0366,/servicios/,(texto en enlace),#calculadora,ancla,SI,SI,NO,N/A,N/A,,,,OK,Auditoria estatica de archivos HTML
LINK-0367,/servicios/,(texto en enlace),#servicios,ancla,SI,SI,NO,N/A,N/A,,,,OK,Auditoria estatica de archivos HTML
LINK-0368,/servicios/,(texto en enlace),#calculadora,ancla,SI,SI,NO,N/A,N/A,,,,OK,Auditoria estatica de archivos HTML
LINK-0369,/servicios/,(texto en enlace),#calculadora,ancla,SI,SI,NO,N/A,N/A,,,,OK,Auditoria estatica de archivos HTML
LINK-0370,/servicios/,(texto en enlace),/servicios/desarrollo-web/,interno,SI,SI,NO,200 (local file),N/A,Servicio de Desarrollo Web | Jonathan Esteban,Desarrollo web para captar y convertir clientes,https://jonathanesteban.dev/servicios/desarrollo-web/,OK,Auditoria estatica de archivos HTML
LINK-0371,/servicios/,(texto en enlace),/contacto/?subject=Consultar%3A%20APIs%20REST%20%26%20Backend,interno,SI,SI,NO,200 (local file),N/A,Contacto & Agendamiento | Jonathan Esteban,Formulario de Contacto,https://jonathanesteban.dev/contacto/,OK,Auditoria estatica de archivos HTML
LINK-0372,/servicios/,(texto en enlace),/servicios/automatizacion/,interno,SI,SI,NO,200 (local file),N/A,Servicio de Automatizacion y Agentes IA | Jonathan Esteban,Automatizacion comercial y agentes IA con control humano,https://jonathanesteban.dev/servicios/automatizacion/,OK,Auditoria estatica de archivos HTML
LINK-0373,/servicios/,(texto en enlace),/servicios/soporte-it/,interno,SI,SI,NO,200 (local file),N/A,Servicio de Soporte IT | Jonathan Esteban,Soporte IT para equipos y puestos de trabajo,https://jonathanesteban.dev/servicios/soporte-it/,OK,Auditoria estatica de archivos HTML
LINK-0374,/servicios/,(texto en enlace),/servicios/soporte-it/,interno,SI,SI,NO,200 (local file),N/A,Servicio de Soporte IT | Jonathan Esteban,Soporte IT para equipos y puestos de trabajo,https://jonathanesteban.dev/servicios/soporte-it/,OK,Auditoria estatica de archivos HTML
LINK-0375,/servicios/,(texto en enlace),/servicios/soporte-it/,interno,SI,SI,NO,200 (local file),N/A,Servicio de Soporte IT | Jonathan Esteban,Soporte IT para equipos y puestos de trabajo,https://jonathanesteban.dev/servicios/soporte-it/,OK,Auditoria estatica de archivos HTML
LINK-0376,/servicios/,(texto en enlace),/contacto/?subject=Consultar%3A%20Operaciones%20Digitales%20%26%20VPS,interno,SI,SI,NO,200 (local file),N/A,Contacto & Agendamiento | Jonathan Esteban,Formulario de Contacto,https://jonathanesteban.dev/contacto/,OK,Auditoria estatica de archivos HTML
LINK-0377,/servicios/,(texto en enlace),/contacto/,interno,SI,SI,NO,200 (local file),N/A,Contacto & Agendamiento | Jonathan Esteban,Formulario de Contacto,https://jonathanesteban.dev/contacto/,OK,Auditoria estatica de archivos HTML
LINK-0378,/servicios/,(texto en enlace),/contacto/,interno,SI,SI,NO,200 (local file),N/A,Contacto & Agendamiento | Jonathan Esteban,Formulario de Contacto,https://jonathanesteban.dev/contacto/,OK,Auditoria estatica de archivos HTML
LINK-0379,/servicios/,(texto en enlace),mailto:joonathanesteban@gmail.com,externo,SI,SI,NO,N/A,N/A,,,,OK,Auditoria estatica de archivos HTML
LINK-0380,/servicios/,(texto en enlace),https://wa.me/34614739345,externo,SI,SI,NO,N/A,N/A,,,,OK,Auditoria estatica de archivos HTML
LINK-0381,/servicios/,(texto en enlace),/servicios/,interno,SI,SI,NO,200 (local file),N/A,"Servicios de Desarrollo Web, IA y Automatización | Jonathan Esteban",Soluciones digitales que impulsan tu negocio,https://jonathanesteban.dev/servicios/,OK,Auditoria estatica de archivos HTML
LINK-0382,/servicios/,(texto en enlace),/proyectos/,interno,SI,SI,NO,200 (local file),N/A,Portfolio de Proyectos & Casos de Éxito | Jonathan Esteban,Portfolio de Proyectos & Casos,https://jonathanesteban.dev/proyectos/,OK,Auditoria estatica de archivos HTML
LINK-0383,/servicios/,(texto en enlace),/certificaciones/,interno,SI,SI,NO,200 (local file),N/A,Certificaciones & Formación | Jonathan Esteban,Formación & Certificaciones,https://jonathanesteban.dev/certificaciones/,OK,Auditoria estatica de archivos HTML
LINK-0384,/servicios/,(texto en enlace),/sobre-mi/,interno,SI,SI,NO,200 (local file),N/A,Sobre Mí | Jonathan Esteban — Full-Stack Developer & AI Engineer,Sobre Mí & Dashboard,https://jonathanesteban.dev/sobre-mi/,OK,Auditoria estatica de archivos HTML
LINK-0385,/servicios/,(texto en enlace),/privacy-policy/,interno,SI,SI,NO,200 (local file),N/A,Política de Privacidad | Jonathan Esteban,Política de Privacidad,https://jonathanesteban.dev/privacy-policy/,OK,Auditoria estatica de archivos HTML
LINK-0386,/servicios/,(texto en enlace),/terms-of-service/,interno,SI,SI,NO,200 (local file),N/A,Términos y Condiciones de Servicio | Jonathan Esteban,Términos y Condiciones de Servicio,https://jonathanesteban.dev/terms-of-service/,OK,Auditoria estatica de archivos HTML
LINK-0387,/servicios/,(texto en enlace),/data-deletion/,interno,SI,SI,NO,200 (local file),N/A,Instrucciones y Eliminación de Datos | Jonathan Esteban,Instrucciones de Eliminación de Datos de Usuario,https://jonathanesteban.dev/data-deletion/,OK,Auditoria estatica de archivos HTML
LINK-0388,/servicios/,(texto en enlace),mailto:joonathanesteban@gmail.com,externo,SI,SI,NO,N/A,N/A,,,,OK,Auditoria estatica de archivos HTML
LINK-0389,/servicios/,(texto en enlace),https://linkedin.com/in/jonathanesteban,externo,SI,SI,NO,N/A,N/A,,,,OK,Auditoria estatica de archivos HTML
LINK-0390,/servicios/,(texto en enlace),https://github.com/Jesteban1983,externo,SI,SI,NO,N/A,N/A,,,,OK,Auditoria estatica de archivos HTML
LINK-0391,/servicios/mantenimiento-preventivo-pc/,(texto en enlace),#main-content,ancla,SI,SI,NO,N/A,N/A,,,,OK,Auditoria estatica de archivos HTML
LINK-0392,/servicios/mantenimiento-preventivo-pc/,(texto en enlace),/,interno,SI,SI,NO,200 (local file),N/A,Jonathan Esteban | Full-Stack Developer & AI Engineer · Madrid & Barcelona,Jonathan Esteban,https://jonathanesteban.dev/,OK,Auditoria estatica de archivos HTML
LINK-0393,/servicios/mantenimiento-preventivo-pc/,(texto en enlace),/servicios/,interno,SI,SI,NO,200 (local file),N/A,"Servicios de Desarrollo Web, IA y Automatización | Jonathan Esteban",Soluciones digitales que impulsan tu negocio,https://jonathanesteban.dev/servicios/,OK,Auditoria estatica de archivos HTML
LINK-0394,/servicios/mantenimiento-preventivo-pc/,(texto en enlace),/proyectos/,interno,SI,SI,NO,200 (local file),N/A,Portfolio de Proyectos & Casos de Éxito | Jonathan Esteban,Portfolio de Proyectos & Casos,https://jonathanesteban.dev/proyectos/,OK,Auditoria estatica de archivos HTML
LINK-0395,/servicios/mantenimiento-preventivo-pc/,(texto en enlace),/certificaciones/,interno,SI,SI,NO,200 (local file),N/A,Certificaciones & Formación | Jonathan Esteban,Formación & Certificaciones,https://jonathanesteban.dev/certificaciones/,OK,Auditoria estatica de archivos HTML
LINK-0396,/servicios/mantenimiento-preventivo-pc/,(texto en enlace),/sobre-mi/,interno,SI,SI,NO,200 (local file),N/A,Sobre Mí | Jonathan Esteban — Full-Stack Developer & AI Engineer,Sobre Mí & Dashboard,https://jonathanesteban.dev/sobre-mi/,OK,Auditoria estatica de archivos HTML
LINK-0397,/servicios/mantenimiento-preventivo-pc/,(texto en enlace),/faq/,interno,SI,SI,NO,200 (local file),N/A,Preguntas Frecuentes (FAQ) & Centro de Ayuda | Jonathan Esteban,Preguntas Frecuentes,https://jonathanesteban.dev/faq/,OK,Auditoria estatica de archivos HTML
LINK-0398,/servicios/mantenimiento-preventivo-pc/,(texto en enlace),/contacto/,interno,SI,SI,NO,200 (local file),N/A,Contacto & Agendamiento | Jonathan Esteban,Formulario de Contacto,https://jonathanesteban.dev/contacto/,OK,Auditoria estatica de archivos HTML
LINK-0399,/servicios/mantenimiento-preventivo-pc/,(texto en enlace),/servicios/,interno,SI,SI,NO,200 (local file),N/A,"Servicios de Desarrollo Web, IA y Automatización | Jonathan Esteban",Soluciones digitales que impulsan tu negocio,https://jonathanesteban.dev/servicios/,OK,Auditoria estatica de archivos HTML
LINK-0400,/servicios/mantenimiento-preventivo-pc/,(texto en enlace),/proyectos/,interno,SI,SI,NO,200 (local file),N/A,Portfolio de Proyectos & Casos de Éxito | Jonathan Esteban,Portfolio de Proyectos & Casos,https://jonathanesteban.dev/proyectos/,OK,Auditoria estatica de archivos HTML
LINK-0401,/servicios/mantenimiento-preventivo-pc/,(texto en enlace),/certificaciones/,interno,SI,SI,NO,200 (local file),N/A,Certificaciones & Formación | Jonathan Esteban,Formación & Certificaciones,https://jonathanesteban.dev/certificaciones/,OK,Auditoria estatica de archivos HTML
LINK-0402,/servicios/mantenimiento-preventivo-pc/,(texto en enlace),/sobre-mi/,interno,SI,SI,NO,200 (local file),N/A,Sobre Mí | Jonathan Esteban — Full-Stack Developer & AI Engineer,Sobre Mí & Dashboard,https://jonathanesteban.dev/sobre-mi/,OK,Auditoria estatica de archivos HTML
LINK-0403,/servicios/mantenimiento-preventivo-pc/,(texto en enlace),/faq/,interno,SI,SI,NO,200 (local file),N/A,Preguntas Frecuentes (FAQ) & Centro de Ayuda | Jonathan Esteban,Preguntas Frecuentes,https://jonathanesteban.dev/faq/,OK,Auditoria estatica de archivos HTML
LINK-0404,/servicios/mantenimiento-preventivo-pc/,(texto en enlace),/contacto/,interno,SI,SI,NO,200 (local file),N/A,Contacto & Agendamiento | Jonathan Esteban,Formulario de Contacto,https://jonathanesteban.dev/contacto/,OK,Auditoria estatica de archivos HTML
LINK-0405,/servicios/mantenimiento-preventivo-pc/,(texto en enlace),/contacto/?prefill=budget&subject=Solicitud%20de%20cotizacion%3A%20Mantenimiento%20Preventivo%20de%20PC&message=Hola%20Jonathan%2C%20quiero%20solicitar%20cotizacion%20para%20Mantenimiento%20Preventivo%20de%20PC.%0A%0ANecesidad%20principal%3A%20mejorar%20rendimiento%20y%20estabilidad%20de%20mi%20equipo.%0AContexto%20del%20problema%3A%20describe%20aqui%20el%20fallo%20o%20la%20situacion%20actual.%0ACantidad%20de%20equipos%3A%20indicar.%0AUbicacion%3A%20indicar%20zona%20de%20servicio.%0A%0AQuedo%20atento%20a%20tu%20propuesta.,interno,SI,SI,NO,200 (local file),N/A,Contacto & Agendamiento | Jonathan Esteban,Formulario de Contacto,https://jonathanesteban.dev/contacto/,OK,Auditoria estatica de archivos HTML
LINK-0406,/servicios/mantenimiento-preventivo-pc/,(texto en enlace),/legal/aviso-legal/,interno,SI,SI,NO,200 (local file),N/A,Aviso legal | Jonathan Esteban,Aviso legal,https://jonathanesteban.dev/legal/aviso-legal/,OK,Auditoria estatica de archivos HTML
LINK-0407,/servicios/mantenimiento-preventivo-pc/,(texto en enlace),/legal/privacidad/,interno,SI,SI,NO,200 (local file),N/A,Redirigiendo a privacidad,,https://jonathanesteban.dev/privacy-policy/,OK,Auditoria estatica de archivos HTML
LINK-0408,/servicios/mantenimiento-preventivo-pc/,(texto en enlace),/legal/cookies/,interno,SI,SI,NO,200 (local file),N/A,Politica de cookies | Jonathan Esteban,Politica de cookies,https://jonathanesteban.dev/legal/cookies/,OK,Auditoria estatica de archivos HTML
LINK-0409,/servicios/mantenimiento-preventivo-pc/,(texto en enlace),/privacy-policy/,interno,SI,SI,NO,200 (local file),N/A,Política de Privacidad | Jonathan Esteban,Política de Privacidad,https://jonathanesteban.dev/privacy-policy/,OK,Auditoria estatica de archivos HTML
LINK-0410,/servicios/mantenimiento-preventivo-pc/,(texto en enlace),/terms-of-service/,interno,SI,SI,NO,200 (local file),N/A,Términos y Condiciones de Servicio | Jonathan Esteban,Términos y Condiciones de Servicio,https://jonathanesteban.dev/terms-of-service/,OK,Auditoria estatica de archivos HTML
LINK-0411,/servicios/mantenimiento-preventivo-pc/,(texto en enlace),/data-deletion/,interno,SI,SI,NO,200 (local file),N/A,Instrucciones y Eliminación de Datos | Jonathan Esteban,Instrucciones de Eliminación de Datos de Usuario,https://jonathanesteban.dev/data-deletion/,OK,Auditoria estatica de archivos HTML
LINK-0412,/servicios/mantenimiento-preventivo-pc/,(texto en enlace),/contacto/,interno,SI,SI,NO,200 (local file),N/A,Contacto & Agendamiento | Jonathan Esteban,Formulario de Contacto,https://jonathanesteban.dev/contacto/,OK,Auditoria estatica de archivos HTML
LINK-0413,/servicios/reparacion-ordenadores-portatiles/,(texto en enlace),#main-content,ancla,SI,SI,NO,N/A,N/A,,,,OK,Auditoria estatica de archivos HTML
LINK-0414,/servicios/reparacion-ordenadores-portatiles/,(texto en enlace),/,interno,SI,SI,NO,200 (local file),N/A,Jonathan Esteban | Full-Stack Developer & AI Engineer · Madrid & Barcelona,Jonathan Esteban,https://jonathanesteban.dev/,OK,Auditoria estatica de archivos HTML
LINK-0415,/servicios/reparacion-ordenadores-portatiles/,(texto en enlace),/servicios/,interno,SI,SI,NO,200 (local file),N/A,"Servicios de Desarrollo Web, IA y Automatización | Jonathan Esteban",Soluciones digitales que impulsan tu negocio,https://jonathanesteban.dev/servicios/,OK,Auditoria estatica de archivos HTML
LINK-0416,/servicios/reparacion-ordenadores-portatiles/,(texto en enlace),/proyectos/,interno,SI,SI,NO,200 (local file),N/A,Portfolio de Proyectos & Casos de Éxito | Jonathan Esteban,Portfolio de Proyectos & Casos,https://jonathanesteban.dev/proyectos/,OK,Auditoria estatica de archivos HTML
LINK-0417,/servicios/reparacion-ordenadores-portatiles/,(texto en enlace),/certificaciones/,interno,SI,SI,NO,200 (local file),N/A,Certificaciones & Formación | Jonathan Esteban,Formación & Certificaciones,https://jonathanesteban.dev/certificaciones/,OK,Auditoria estatica de archivos HTML
LINK-0418,/servicios/reparacion-ordenadores-portatiles/,(texto en enlace),/sobre-mi/,interno,SI,SI,NO,200 (local file),N/A,Sobre Mí | Jonathan Esteban — Full-Stack Developer & AI Engineer,Sobre Mí & Dashboard,https://jonathanesteban.dev/sobre-mi/,OK,Auditoria estatica de archivos HTML
LINK-0419,/servicios/reparacion-ordenadores-portatiles/,(texto en enlace),/faq/,interno,SI,SI,NO,200 (local file),N/A,Preguntas Frecuentes (FAQ) & Centro de Ayuda | Jonathan Esteban,Preguntas Frecuentes,https://jonathanesteban.dev/faq/,OK,Auditoria estatica de archivos HTML
LINK-0420,/servicios/reparacion-ordenadores-portatiles/,(texto en enlace),/contacto/,interno,SI,SI,NO,200 (local file),N/A,Contacto & Agendamiento | Jonathan Esteban,Formulario de Contacto,https://jonathanesteban.dev/contacto/,OK,Auditoria estatica de archivos HTML
LINK-0421,/servicios/reparacion-ordenadores-portatiles/,(texto en enlace),/servicios/,interno,SI,SI,NO,200 (local file),N/A,"Servicios de Desarrollo Web, IA y Automatización | Jonathan Esteban",Soluciones digitales que impulsan tu negocio,https://jonathanesteban.dev/servicios/,OK,Auditoria estatica de archivos HTML
LINK-0422,/servicios/reparacion-ordenadores-portatiles/,(texto en enlace),/proyectos/,interno,SI,SI,NO,200 (local file),N/A,Portfolio de Proyectos & Casos de Éxito | Jonathan Esteban,Portfolio de Proyectos & Casos,https://jonathanesteban.dev/proyectos/,OK,Auditoria estatica de archivos HTML
LINK-0423,/servicios/reparacion-ordenadores-portatiles/,(texto en enlace),/certificaciones/,interno,SI,SI,NO,200 (local file),N/A,Certificaciones & Formación | Jonathan Esteban,Formación & Certificaciones,https://jonathanesteban.dev/certificaciones/,OK,Auditoria estatica de archivos HTML
LINK-0424,/servicios/reparacion-ordenadores-portatiles/,(texto en enlace),/sobre-mi/,interno,SI,SI,NO,200 (local file),N/A,Sobre Mí | Jonathan Esteban — Full-Stack Developer & AI Engineer,Sobre Mí & Dashboard,https://jonathanesteban.dev/sobre-mi/,OK,Auditoria estatica de archivos HTML
LINK-0425,/servicios/reparacion-ordenadores-portatiles/,(texto en enlace),/faq/,interno,SI,SI,NO,200 (local file),N/A,Preguntas Frecuentes (FAQ) & Centro de Ayuda | Jonathan Esteban,Preguntas Frecuentes,https://jonathanesteban.dev/faq/,OK,Auditoria estatica de archivos HTML
LINK-0426,/servicios/reparacion-ordenadores-portatiles/,(texto en enlace),/contacto/,interno,SI,SI,NO,200 (local file),N/A,Contacto & Agendamiento | Jonathan Esteban,Formulario de Contacto,https://jonathanesteban.dev/contacto/,OK,Auditoria estatica de archivos HTML
LINK-0427,/servicios/reparacion-ordenadores-portatiles/,(texto en enlace),/contacto/?prefill=budget&subject=Solicitud%20de%20cotizacion%3A%20Reparacion%20de%20Ordenadores%20y%20Portatiles&message=Hola%20Jonathan%2C%20quiero%20solicitar%20cotizacion%20para%20Reparacion%20de%20Ordenadores%20y%20Portatiles.%0A%0ANecesidad%20principal%3A%20resolver%20averia%20de%20equipo.%0ATipo%20de%20equipo%3A%20portatil%20o%20sobremesa.%0AFallo%20detectado%3A%20describe%20aqui%20el%20problema.%0AUbicacion%3A%20indicar%20zona%20de%20servicio.%0A%0AQuedo%20atento%20a%20tu%20propuesta.,interno,SI,SI,NO,200 (local file),N/A,Contacto & Agendamiento | Jonathan Esteban,Formulario de Contacto,https://jonathanesteban.dev/contacto/,OK,Auditoria estatica de archivos HTML
LINK-0428,/servicios/reparacion-ordenadores-portatiles/,(texto en enlace),/legal/aviso-legal/,interno,SI,SI,NO,200 (local file),N/A,Aviso legal | Jonathan Esteban,Aviso legal,https://jonathanesteban.dev/legal/aviso-legal/,OK,Auditoria estatica de archivos HTML
LINK-0429,/servicios/reparacion-ordenadores-portatiles/,(texto en enlace),/legal/privacidad/,interno,SI,SI,NO,200 (local file),N/A,Redirigiendo a privacidad,,https://jonathanesteban.dev/privacy-policy/,OK,Auditoria estatica de archivos HTML
LINK-0430,/servicios/reparacion-ordenadores-portatiles/,(texto en enlace),/legal/cookies/,interno,SI,SI,NO,200 (local file),N/A,Politica de cookies | Jonathan Esteban,Politica de cookies,https://jonathanesteban.dev/legal/cookies/,OK,Auditoria estatica de archivos HTML
LINK-0431,/servicios/reparacion-ordenadores-portatiles/,(texto en enlace),/privacy-policy/,interno,SI,SI,NO,200 (local file),N/A,Política de Privacidad | Jonathan Esteban,Política de Privacidad,https://jonathanesteban.dev/privacy-policy/,OK,Auditoria estatica de archivos HTML
LINK-0432,/servicios/reparacion-ordenadores-portatiles/,(texto en enlace),/terms-of-service/,interno,SI,SI,NO,200 (local file),N/A,Términos y Condiciones de Servicio | Jonathan Esteban,Términos y Condiciones de Servicio,https://jonathanesteban.dev/terms-of-service/,OK,Auditoria estatica de archivos HTML
LINK-0433,/servicios/reparacion-ordenadores-portatiles/,(texto en enlace),/data-deletion/,interno,SI,SI,NO,200 (local file),N/A,Instrucciones y Eliminación de Datos | Jonathan Esteban,Instrucciones de Eliminación de Datos de Usuario,https://jonathanesteban.dev/data-deletion/,OK,Auditoria estatica de archivos HTML
LINK-0434,/servicios/reparacion-ordenadores-portatiles/,(texto en enlace),/contacto/,interno,SI,SI,NO,200 (local file),N/A,Contacto & Agendamiento | Jonathan Esteban,Formulario de Contacto,https://jonathanesteban.dev/contacto/,OK,Auditoria estatica de archivos HTML
LINK-0435,/servicios/soporte-it/,(texto en enlace),#main-content,ancla,SI,SI,NO,N/A,N/A,,,,OK,Auditoria estatica de archivos HTML
LINK-0436,/servicios/soporte-it/,(texto en enlace),/,interno,SI,SI,NO,200 (local file),N/A,Jonathan Esteban | Full-Stack Developer & AI Engineer · Madrid & Barcelona,Jonathan Esteban,https://jonathanesteban.dev/,OK,Auditoria estatica de archivos HTML
LINK-0437,/servicios/soporte-it/,(texto en enlace),/servicios/,interno,SI,SI,NO,200 (local file),N/A,"Servicios de Desarrollo Web, IA y Automatización | Jonathan Esteban",Soluciones digitales que impulsan tu negocio,https://jonathanesteban.dev/servicios/,OK,Auditoria estatica de archivos HTML
LINK-0438,/servicios/soporte-it/,(texto en enlace),/proyectos/,interno,SI,SI,NO,200 (local file),N/A,Portfolio de Proyectos & Casos de Éxito | Jonathan Esteban,Portfolio de Proyectos & Casos,https://jonathanesteban.dev/proyectos/,OK,Auditoria estatica de archivos HTML
LINK-0439,/servicios/soporte-it/,(texto en enlace),/certificaciones/,interno,SI,SI,NO,200 (local file),N/A,Certificaciones & Formación | Jonathan Esteban,Formación & Certificaciones,https://jonathanesteban.dev/certificaciones/,OK,Auditoria estatica de archivos HTML
LINK-0440,/servicios/soporte-it/,(texto en enlace),/sobre-mi/,interno,SI,SI,NO,200 (local file),N/A,Sobre Mí | Jonathan Esteban — Full-Stack Developer & AI Engineer,Sobre Mí & Dashboard,https://jonathanesteban.dev/sobre-mi/,OK,Auditoria estatica de archivos HTML
LINK-0441,/servicios/soporte-it/,(texto en enlace),/faq/,interno,SI,SI,NO,200 (local file),N/A,Preguntas Frecuentes (FAQ) & Centro de Ayuda | Jonathan Esteban,Preguntas Frecuentes,https://jonathanesteban.dev/faq/,OK,Auditoria estatica de archivos HTML
LINK-0442,/servicios/soporte-it/,(texto en enlace),/contacto/,interno,SI,SI,NO,200 (local file),N/A,Contacto & Agendamiento | Jonathan Esteban,Formulario de Contacto,https://jonathanesteban.dev/contacto/,OK,Auditoria estatica de archivos HTML
LINK-0443,/servicios/soporte-it/,(texto en enlace),/servicios/,interno,SI,SI,NO,200 (local file),N/A,"Servicios de Desarrollo Web, IA y Automatización | Jonathan Esteban",Soluciones digitales que impulsan tu negocio,https://jonathanesteban.dev/servicios/,OK,Auditoria estatica de archivos HTML
LINK-0444,/servicios/soporte-it/,(texto en enlace),/proyectos/,interno,SI,SI,NO,200 (local file),N/A,Portfolio de Proyectos & Casos de Éxito | Jonathan Esteban,Portfolio de Proyectos & Casos,https://jonathanesteban.dev/proyectos/,OK,Auditoria estatica de archivos HTML
LINK-0445,/servicios/soporte-it/,(texto en enlace),/certificaciones/,interno,SI,SI,NO,200 (local file),N/A,Certificaciones & Formación | Jonathan Esteban,Formación & Certificaciones,https://jonathanesteban.dev/certificaciones/,OK,Auditoria estatica de archivos HTML
LINK-0446,/servicios/soporte-it/,(texto en enlace),/sobre-mi/,interno,SI,SI,NO,200 (local file),N/A,Sobre Mí | Jonathan Esteban — Full-Stack Developer & AI Engineer,Sobre Mí & Dashboard,https://jonathanesteban.dev/sobre-mi/,OK,Auditoria estatica de archivos HTML
LINK-0447,/servicios/soporte-it/,(texto en enlace),/faq/,interno,SI,SI,NO,200 (local file),N/A,Preguntas Frecuentes (FAQ) & Centro de Ayuda | Jonathan Esteban,Preguntas Frecuentes,https://jonathanesteban.dev/faq/,OK,Auditoria estatica de archivos HTML
LINK-0448,/servicios/soporte-it/,(texto en enlace),/contacto/,interno,SI,SI,NO,200 (local file),N/A,Contacto & Agendamiento | Jonathan Esteban,Formulario de Contacto,https://jonathanesteban.dev/contacto/,OK,Auditoria estatica de archivos HTML
LINK-0449,/servicios/soporte-it/,(texto en enlace),/contacto/?service=soporte-it,interno,SI,SI,NO,200 (local file),N/A,Contacto & Agendamiento | Jonathan Esteban,Formulario de Contacto,https://jonathanesteban.dev/contacto/,OK,Auditoria estatica de archivos HTML
LINK-0450,/servicios/soporte-it/,(texto en enlace),/legal/aviso-legal/,interno,SI,SI,NO,200 (local file),N/A,Aviso legal | Jonathan Esteban,Aviso legal,https://jonathanesteban.dev/legal/aviso-legal/,OK,Auditoria estatica de archivos HTML
LINK-0451,/servicios/soporte-it/,(texto en enlace),/legal/privacidad/,interno,SI,SI,NO,200 (local file),N/A,Redirigiendo a privacidad,,https://jonathanesteban.dev/privacy-policy/,OK,Auditoria estatica de archivos HTML
LINK-0452,/servicios/soporte-it/,(texto en enlace),/legal/cookies/,interno,SI,SI,NO,200 (local file),N/A,Politica de cookies | Jonathan Esteban,Politica de cookies,https://jonathanesteban.dev/legal/cookies/,OK,Auditoria estatica de archivos HTML
LINK-0453,/servicios/soporte-it/,(texto en enlace),/terms-of-service/,interno,SI,SI,NO,200 (local file),N/A,Términos y Condiciones de Servicio | Jonathan Esteban,Términos y Condiciones de Servicio,https://jonathanesteban.dev/terms-of-service/,OK,Auditoria estatica de archivos HTML
LINK-0454,/servicios/soporte-it/,(texto en enlace),/data-deletion/,interno,SI,SI,NO,200 (local file),N/A,Instrucciones y Eliminación de Datos | Jonathan Esteban,Instrucciones de Eliminación de Datos de Usuario,https://jonathanesteban.dev/data-deletion/,OK,Auditoria estatica de archivos HTML
LINK-0455,/servicios/soporte-it/,(texto en enlace),/contacto/,interno,SI,SI,NO,200 (local file),N/A,Contacto & Agendamiento | Jonathan Esteban,Formulario de Contacto,https://jonathanesteban.dev/contacto/,OK,Auditoria estatica de archivos HTML
LINK-0456,/sobre-mi/,(texto en enlace),#main-content,ancla,SI,SI,NO,N/A,N/A,,,,OK,Auditoria estatica de archivos HTML
LINK-0457,/sobre-mi/,(texto en enlace),/,interno,SI,SI,NO,200 (local file),N/A,Jonathan Esteban | Full-Stack Developer & AI Engineer · Madrid & Barcelona,Jonathan Esteban,https://jonathanesteban.dev/,OK,Auditoria estatica de archivos HTML
LINK-0458,/sobre-mi/,(texto en enlace),/servicios/,interno,SI,SI,NO,200 (local file),N/A,"Servicios de Desarrollo Web, IA y Automatización | Jonathan Esteban",Soluciones digitales que impulsan tu negocio,https://jonathanesteban.dev/servicios/,OK,Auditoria estatica de archivos HTML
LINK-0459,/sobre-mi/,(texto en enlace),/proyectos/,interno,SI,SI,NO,200 (local file),N/A,Portfolio de Proyectos & Casos de Éxito | Jonathan Esteban,Portfolio de Proyectos & Casos,https://jonathanesteban.dev/proyectos/,OK,Auditoria estatica de archivos HTML
LINK-0460,/sobre-mi/,(texto en enlace),/certificaciones/,interno,SI,SI,NO,200 (local file),N/A,Certificaciones & Formación | Jonathan Esteban,Formación & Certificaciones,https://jonathanesteban.dev/certificaciones/,OK,Auditoria estatica de archivos HTML
LINK-0461,/sobre-mi/,(texto en enlace),/sobre-mi/,interno,SI,SI,NO,200 (local file),N/A,Sobre Mí | Jonathan Esteban — Full-Stack Developer & AI Engineer,Sobre Mí & Dashboard,https://jonathanesteban.dev/sobre-mi/,OK,Auditoria estatica de archivos HTML
LINK-0462,/sobre-mi/,(texto en enlace),/faq/,interno,SI,SI,NO,200 (local file),N/A,Preguntas Frecuentes (FAQ) & Centro de Ayuda | Jonathan Esteban,Preguntas Frecuentes,https://jonathanesteban.dev/faq/,OK,Auditoria estatica de archivos HTML
LINK-0463,/sobre-mi/,(texto en enlace),/contacto/,interno,SI,SI,NO,200 (local file),N/A,Contacto & Agendamiento | Jonathan Esteban,Formulario de Contacto,https://jonathanesteban.dev/contacto/,OK,Auditoria estatica de archivos HTML
LINK-0464,/sobre-mi/,(texto en enlace),/servicios/,interno,SI,SI,NO,200 (local file),N/A,"Servicios de Desarrollo Web, IA y Automatización | Jonathan Esteban",Soluciones digitales que impulsan tu negocio,https://jonathanesteban.dev/servicios/,OK,Auditoria estatica de archivos HTML
LINK-0465,/sobre-mi/,(texto en enlace),/proyectos/,interno,SI,SI,NO,200 (local file),N/A,Portfolio de Proyectos & Casos de Éxito | Jonathan Esteban,Portfolio de Proyectos & Casos,https://jonathanesteban.dev/proyectos/,OK,Auditoria estatica de archivos HTML
LINK-0466,/sobre-mi/,(texto en enlace),/certificaciones/,interno,SI,SI,NO,200 (local file),N/A,Certificaciones & Formación | Jonathan Esteban,Formación & Certificaciones,https://jonathanesteban.dev/certificaciones/,OK,Auditoria estatica de archivos HTML
LINK-0467,/sobre-mi/,(texto en enlace),/sobre-mi/,interno,SI,SI,NO,200 (local file),N/A,Sobre Mí | Jonathan Esteban — Full-Stack Developer & AI Engineer,Sobre Mí & Dashboard,https://jonathanesteban.dev/sobre-mi/,OK,Auditoria estatica de archivos HTML
LINK-0468,/sobre-mi/,(texto en enlace),/faq/,interno,SI,SI,NO,200 (local file),N/A,Preguntas Frecuentes (FAQ) & Centro de Ayuda | Jonathan Esteban,Preguntas Frecuentes,https://jonathanesteban.dev/faq/,OK,Auditoria estatica de archivos HTML
LINK-0469,/sobre-mi/,(texto en enlace),/contacto/,interno,SI,SI,NO,200 (local file),N/A,Contacto & Agendamiento | Jonathan Esteban,Formulario de Contacto,https://jonathanesteban.dev/contacto/,OK,Auditoria estatica de archivos HTML
LINK-0470,/sobre-mi/,(texto en enlace),/legal/aviso-legal/,interno,SI,SI,NO,200 (local file),N/A,Aviso legal | Jonathan Esteban,Aviso legal,https://jonathanesteban.dev/legal/aviso-legal/,OK,Auditoria estatica de archivos HTML
LINK-0471,/sobre-mi/,(texto en enlace),/legal/privacidad/,interno,SI,SI,NO,200 (local file),N/A,Redirigiendo a privacidad,,https://jonathanesteban.dev/privacy-policy/,OK,Auditoria estatica de archivos HTML
LINK-0472,/sobre-mi/,(texto en enlace),/legal/cookies/,interno,SI,SI,NO,200 (local file),N/A,Politica de cookies | Jonathan Esteban,Politica de cookies,https://jonathanesteban.dev/legal/cookies/,OK,Auditoria estatica de archivos HTML
LINK-0473,/sobre-mi/,(texto en enlace),/privacy-policy/,interno,SI,SI,NO,200 (local file),N/A,Política de Privacidad | Jonathan Esteban,Política de Privacidad,https://jonathanesteban.dev/privacy-policy/,OK,Auditoria estatica de archivos HTML
LINK-0474,/sobre-mi/,(texto en enlace),/terms-of-service/,interno,SI,SI,NO,200 (local file),N/A,Términos y Condiciones de Servicio | Jonathan Esteban,Términos y Condiciones de Servicio,https://jonathanesteban.dev/terms-of-service/,OK,Auditoria estatica de archivos HTML
LINK-0475,/sobre-mi/,(texto en enlace),/data-deletion/,interno,SI,SI,NO,200 (local file),N/A,Instrucciones y Eliminación de Datos | Jonathan Esteban,Instrucciones de Eliminación de Datos de Usuario,https://jonathanesteban.dev/data-deletion/,OK,Auditoria estatica de archivos HTML
LINK-0476,/sobre-mi/,(texto en enlace),/contacto/,interno,SI,SI,NO,200 (local file),N/A,Contacto & Agendamiento | Jonathan Esteban,Formulario de Contacto,https://jonathanesteban.dev/contacto/,OK,Auditoria estatica de archivos HTML
LINK-0477,/soporte-it/,(texto en enlace),/servicios/soporte-it/,interno,SI,SI,NO,200 (local file),N/A,Servicio de Soporte IT | Jonathan Esteban,Soporte IT para equipos y puestos de trabajo,https://jonathanesteban.dev/servicios/soporte-it/,OK,Auditoria estatica de archivos HTML
LINK-0478,/terms-of-service/,(texto en enlace),#main-content,ancla,SI,SI,NO,N/A,N/A,,,,OK,Auditoria estatica de archivos HTML
LINK-0479,/terms-of-service/,(texto en enlace),/,interno,SI,SI,NO,200 (local file),N/A,Jonathan Esteban | Full-Stack Developer & AI Engineer · Madrid & Barcelona,Jonathan Esteban,https://jonathanesteban.dev/,OK,Auditoria estatica de archivos HTML
LINK-0480,/terms-of-service/,(texto en enlace),/servicios/,interno,SI,SI,NO,200 (local file),N/A,"Servicios de Desarrollo Web, IA y Automatización | Jonathan Esteban",Soluciones digitales que impulsan tu negocio,https://jonathanesteban.dev/servicios/,OK,Auditoria estatica de archivos HTML
LINK-0481,/terms-of-service/,(texto en enlace),/proyectos/,interno,SI,SI,NO,200 (local file),N/A,Portfolio de Proyectos & Casos de Éxito | Jonathan Esteban,Portfolio de Proyectos & Casos,https://jonathanesteban.dev/proyectos/,OK,Auditoria estatica de archivos HTML
LINK-0482,/terms-of-service/,(texto en enlace),/contacto/,interno,SI,SI,NO,200 (local file),N/A,Contacto & Agendamiento | Jonathan Esteban,Formulario de Contacto,https://jonathanesteban.dev/contacto/,OK,Auditoria estatica de archivos HTML
LINK-0483,/terms-of-service/,(texto en enlace),/servicios/,interno,SI,SI,NO,200 (local file),N/A,"Servicios de Desarrollo Web, IA y Automatización | Jonathan Esteban",Soluciones digitales que impulsan tu negocio,https://jonathanesteban.dev/servicios/,OK,Auditoria estatica de archivos HTML
LINK-0484,/terms-of-service/,(texto en enlace),/proyectos/,interno,SI,SI,NO,200 (local file),N/A,Portfolio de Proyectos & Casos de Éxito | Jonathan Esteban,Portfolio de Proyectos & Casos,https://jonathanesteban.dev/proyectos/,OK,Auditoria estatica de archivos HTML
LINK-0485,/terms-of-service/,(texto en enlace),/certificaciones/,interno,SI,SI,NO,200 (local file),N/A,Certificaciones & Formación | Jonathan Esteban,Formación & Certificaciones,https://jonathanesteban.dev/certificaciones/,OK,Auditoria estatica de archivos HTML
LINK-0486,/terms-of-service/,(texto en enlace),/sobre-mi/,interno,SI,SI,NO,200 (local file),N/A,Sobre Mí | Jonathan Esteban — Full-Stack Developer & AI Engineer,Sobre Mí & Dashboard,https://jonathanesteban.dev/sobre-mi/,OK,Auditoria estatica de archivos HTML
LINK-0487,/terms-of-service/,(texto en enlace),/faq/,interno,SI,SI,NO,200 (local file),N/A,Preguntas Frecuentes (FAQ) & Centro de Ayuda | Jonathan Esteban,Preguntas Frecuentes,https://jonathanesteban.dev/faq/,OK,Auditoria estatica de archivos HTML
LINK-0488,/terms-of-service/,(texto en enlace),/contacto/,interno,SI,SI,NO,200 (local file),N/A,Contacto & Agendamiento | Jonathan Esteban,Formulario de Contacto,https://jonathanesteban.dev/contacto/,OK,Auditoria estatica de archivos HTML
LINK-0489,/terms-of-service/,(texto en enlace),https://jonathanesteban.dev,externo,SI,SI,NO,N/A,N/A,,,,OK,Auditoria estatica de archivos HTML
ROUTE-0490,AUDITORIA-REQUERIDA,Ruta minima obligatoria,/,interno,N/A,N/A,NO,200 (local file),N/A,Jonathan Esteban | Full-Stack Developer & AI Engineer · Madrid & Barcelona,Jonathan Esteban,https://jonathanesteban.dev/,OK,Comprobacion de existencia de site/**/index.html
ROUTE-0491,AUDITORIA-REQUERIDA,Ruta minima obligatoria,/servicios/,interno,N/A,N/A,NO,200 (local file),N/A,"Servicios de Desarrollo Web, IA y Automatización | Jonathan Esteban",Soluciones digitales que impulsan tu negocio,https://jonathanesteban.dev/servicios/,OK,Comprobacion de existencia de site/**/index.html
ROUTE-0492,AUDITORIA-REQUERIDA,Ruta minima obligatoria,/servicios/desarrollo-web/,interno,N/A,N/A,NO,200 (local file),N/A,Servicio de Desarrollo Web | Jonathan Esteban,Desarrollo web para captar y convertir clientes,https://jonathanesteban.dev/servicios/desarrollo-web/,OK,Comprobacion de existencia de site/**/index.html
ROUTE-0493,AUDITORIA-REQUERIDA,Ruta minima obligatoria,/servicios/automatizacion/,interno,N/A,N/A,NO,200 (local file),N/A,Servicio de Automatizacion y Agentes IA | Jonathan Esteban,Automatizacion comercial y agentes IA con control humano,https://jonathanesteban.dev/servicios/automatizacion/,OK,Comprobacion de existencia de site/**/index.html
ROUTE-0494,AUDITORIA-REQUERIDA,Ruta minima obligatoria,/servicios/soporte-it/,interno,N/A,N/A,NO,200 (local file),N/A,Servicio de Soporte IT | Jonathan Esteban,Soporte IT para equipos y puestos de trabajo,https://jonathanesteban.dev/servicios/soporte-it/,OK,Comprobacion de existencia de site/**/index.html
ROUTE-0495,AUDITORIA-REQUERIDA,Ruta minima obligatoria,/proyectos/,interno,N/A,N/A,NO,200 (local file),N/A,Portfolio de Proyectos & Casos de Éxito | Jonathan Esteban,Portfolio de Proyectos & Casos,https://jonathanesteban.dev/proyectos/,OK,Comprobacion de existencia de site/**/index.html
ROUTE-0496,AUDITORIA-REQUERIDA,Ruta minima obligatoria,/proyectos/trackflow/,interno,N/A,N/A,NO,200 (local file),N/A,TrackFlow | Caso de proyecto,TrackFlow,https://jonathanesteban.dev/proyectos/trackflow/,OK,Comprobacion de existencia de site/**/index.html
ROUTE-0497,AUDITORIA-REQUERIDA,Ruta minima obligatoria,/proyectos/clawmate/,interno,N/A,N/A,NO,200 (local file),N/A,ClawMate | Caso de proyecto,ClawMate,https://jonathanesteban.dev/proyectos/clawmate/,OK,Comprobacion de existencia de site/**/index.html
ROUTE-0498,AUDITORIA-REQUERIDA,Ruta minima obligatoria,/proyectos/talk-to-the-machine/,interno,N/A,N/A,NO,200 (local file),N/A,Talk to the Machine | Caso de proyecto,Talk to the Machine,https://jonathanesteban.dev/proyectos/talk-to-the-machine/,OK,Comprobacion de existencia de site/**/index.html
ROUTE-0499,AUDITORIA-REQUERIDA,Ruta minima obligatoria,/certificaciones/,interno,N/A,N/A,NO,200 (local file),N/A,Certificaciones & Formación | Jonathan Esteban,Formación & Certificaciones,https://jonathanesteban.dev/certificaciones/,OK,Comprobacion de existencia de site/**/index.html
ROUTE-0500,AUDITORIA-REQUERIDA,Ruta minima obligatoria,/sobre-mi/,interno,N/A,N/A,NO,200 (local file),N/A,Sobre Mí | Jonathan Esteban — Full-Stack Developer & AI Engineer,Sobre Mí & Dashboard,https://jonathanesteban.dev/sobre-mi/,OK,Comprobacion de existencia de site/**/index.html
ROUTE-0501,AUDITORIA-REQUERIDA,Ruta minima obligatoria,/contacto/,interno,N/A,N/A,NO,200 (local file),N/A,Contacto & Agendamiento | Jonathan Esteban,Formulario de Contacto,https://jonathanesteban.dev/contacto/,OK,Comprobacion de existencia de site/**/index.html
ROUTE-0502,AUDITORIA-REQUERIDA,Ruta minima obligatoria,/faq/,interno,N/A,N/A,NO,200 (local file),N/A,Preguntas Frecuentes (FAQ) & Centro de Ayuda | Jonathan Esteban,Preguntas Frecuentes,https://jonathanesteban.dev/faq/,OK,Comprobacion de existencia de site/**/index.html
ROUTE-0503,AUDITORIA-REQUERIDA,Ruta minima obligatoria,/legal/aviso-legal/,interno,N/A,N/A,NO,200 (local file),N/A,Aviso legal | Jonathan Esteban,Aviso legal,https://jonathanesteban.dev/legal/aviso-legal/,OK,Comprobacion de existencia de site/**/index.html
ROUTE-0504,AUDITORIA-REQUERIDA,Ruta minima obligatoria,/legal/privacidad/,interno,N/A,N/A,NO,200 (local file),N/A,Redirigiendo a privacidad,,https://jonathanesteban.dev/privacy-policy/,OK,Comprobacion de existencia de site/**/index.html
ROUTE-0505,AUDITORIA-REQUERIDA,Ruta minima obligatoria,/legal/cookies/,interno,N/A,N/A,NO,200 (local file),N/A,Politica de cookies | Jonathan Esteban,Politica de cookies,https://jonathanesteban.dev/legal/cookies/,OK,Comprobacion de existencia de site/**/index.html
ROUTE-0506,AUDITORIA-REQUERIDA,Ruta minima obligatoria,/privacy-policy/,interno,N/A,N/A,NO,200 (local file),N/A,Política de Privacidad | Jonathan Esteban,Política de Privacidad,https://jonathanesteban.dev/privacy-policy/,OK,Comprobacion de existencia de site/**/index.html
ROUTE-0507,AUDITORIA-REQUERIDA,Ruta minima obligatoria,/terms-of-service/,interno,N/A,N/A,NO,200 (local file),N/A,Términos y Condiciones de Servicio | Jonathan Esteban,Términos y Condiciones de Servicio,https://jonathanesteban.dev/terms-of-service/,OK,Comprobacion de existencia de site/**/index.html
ROUTE-0508,AUDITORIA-REQUERIDA,Ruta minima obligatoria,/data-deletion/,interno,N/A,N/A,NO,200 (local file),N/A,Instrucciones y Eliminación de Datos | Jonathan Esteban,Instrucciones de Eliminación de Datos de Usuario,https://jonathanesteban.dev/data-deletion/,OK,Comprobacion de existencia de site/**/index.html
ROUTE-0509,AUDITORIA-REQUERIDA,Ruta minima obligatoria,/auth/tiktok/callback/,interno,N/A,N/A,NO,200 (local file),N/A,TikTok OAuth Callback | Jonathan Esteban,🎵 Autenticación con TikTok Completada,https://jonathanesteban.dev/auth/tiktok/callback/,OK,Comprobacion de existencia de site/**/index.html
ROUTE-0510,AUDITORIA-REQUERIDA,Ruta minima obligatoria,/auth/facebook/callback/,interno,N/A,N/A,NO,200 (local file),N/A,Facebook/Meta OAuth Callback | Jonathan Esteban,📘 Autenticación con Meta Completada,https://jonathanesteban.dev/auth/facebook/callback/,OK,Comprobacion de existencia de site/**/index.html
ROUTE-0511,AUDITORIA-REQUERIDA,Ruta minima obligatoria,/gracias/,interno,N/A,N/A,NO,200 (local file),N/A,¡Gracias por tu Mensaje! | Jonathan Esteban,🎉 ¡Mensaje Recibido con Éxito!,https://jonathanesteban.dev/gracias/,OK,Comprobacion de existencia de site/**/index.html
